Genesis_1_20_74600_81800|tin hungh ziouc zeix cuotv wuov nyungc ga naaiv daaih bun nqoi wuom
Genesis_1_21_81800_86320|maaih deix yiem wuov nyungc ga naaiv gu nguaaic
Genesis_1_22_86320_89600|maaih deix yiem ga ndiev
Genesis_1_23_89600_92640|ziouc za gengh hnangv naaic
Genesis_1_24_92640_95560|wuov nyungc ga naaiv tin hungh heuc
Genesis_1_25_95560_96960|lungh
Genesis_1_26_96960_100520|maaih lungh hmuangx yaac maaih lungh ndorm
Genesis_1_27_100520_101960|naaiv se da nyeic hnoi
Genesis_1_28_101960_105160|tin hungh aengx gorngv
Genesis_1_29_105160_114120|lungh ndiev nyei wuom oix zuqc gapv jienv yiem zunv yietc norm dorngx bun ndau cuotv daaih
Genesis_1_30_114120_117240|ziouc za gengh hnangv naaic
Genesis_1_60_241280_244160|bun nqoi njang caux hmuangx
Genesis_1_61_244160_249320|tin hungh buatc se longx nyei
Genesis_1_62_249320_252240|maaih lungh hmuangx yaac maaih lungh ndorm
Genesis_1_63_252240_253840|naaiv se da feix hnoi
Genesis_1_64_253840_256960|tin hungh aengx gorngv
Genesis_1_65_256960_265200|wuom gu nyuoz oix zuqc cuotv maaih maengc nyei ga naaiv hiaangx daaih buangv wuom ndiev
Genesis_1_66_265200_272760|yaac oix zuqc maaih norqc yiem ndaamv lungh ndaix mingh ndaix daaih ndau beih gu nguaaic
Genesis_1_67_272760_284640|tin hungh ziouc zeix cuotv yiem koiv hlo haic nyei domh mbiauz caux nyungc nyungc yiem wuom maaih maengc nyei
Genesis_1_68_284640_286200|haih dongz nyei
Genesis_1_69_286200_290080|yietc guanh yietc guanh nyei ga naaiv
Genesis_1_70_290080_294240|yietc nyungc maaih yietc nyungc nyei buonv
Genesis_1_71_294240_297720|ninh yaac zeix cuotv nyungc nyungc norqc
Genesis_1_72_297720_300520|yietc nyungc maaih yietc nyungc nyei buonv
Genesis_1_73_300520_304520|tin hungh buatc se longx nyei
Genesis_1_74_304520_311920|tin hungh buang waac bun naaiv deix yietc zungv ga naaiv
Genesis_1_75_311920_313760|ninh gorngv
Genesis_1_76_313760_316400|oix zuqc hiaangx daaih buangv koiv
Genesis_1_77_316400_318920|norqc yaac oix zuqc hiaangx daaih yiem lungh ndiev
Genesis_1_78_318920_322640|maaih lungh hmuangx yaac maaih lungh ndorm
Genesis_1_79_322640_325520|naaiv se da hmz hnoi
Genesis_1_80_325520_329000|tin hungh aengx gorngv
Genesis_1_81_329000_332600|ndau beih oix zuqc cuotv nyungc nyungc maaih maengc nyei ga naaiv
Genesis_1_82_332600_334720|saeng kuv
Genesis_1_83_334720_338600|hieh zoih caux nyungc nyungc nyorng ndau nyei ga naaiv
Genesis_1_84_338600_341680|yietc nyungc maaih yietc nyungc nyei buonv
Genesis_1_85_341680_343480|ziouc za gengh maaih aqv
Genesis_1_86_343480_348360|tin hungh zeix cuotv hieh zoih caux saeng kuv
Genesis_1_87_348360_352400|yietc nyungc maaih yietc nyungc nyei buonv
Genesis_1_88_352400_357640|caux nyungc nyungc nyorng ndau beih nyei ga naaiv
Genesis_1_89_357640_362480|yietc nyungc ziux yietc nyungc nyei buonv
Genesis_1_90_362480_366320|tin hungh buatc se longx nyei
Genesis_1_91_366320_370640|tin hungh aengx gorngv
Genesis_1_92_370640_378080|mbuo oix zuqc ziux mbuo nyei fangx zeiv zeix mienh daaih zuangv mbuo yaac hnangv mbuo nor
Genesis_1_93_378080_381920|bun ninh mbuo gunv koiv gu nyuoz nyei mbiauz
Genesis_1_94_381920_384800|yiem ndaamv lungh nyei norqc
Genesis_1_95_384800_386480|nyungc nyungc saeng kuv
Genesis_1_96_386480_391160|yaac gunv nyungc nyungc nyorng ndau beih nyei ga naaiv
Genesis_1_97_391160_397640|tin hungh ziouc ziux ninh ganh nyei fangx zeiv zeix cuotv baamh mienh
Genesis_1_98_397640_405080|se ziux tin hungh ganh nyei fangx zeix mienh daaih
Genesis_1_99_405080_408960|ninh zeix cuotv benx m jangc m sieqv
Genesis_1_100_408960_413280|tin hungh buang waac bun ninh mbuo
Genesis_1_101_413280_414960|ninh gorngv
Genesis_1_102_414960_424040|meih mbuo oix zuqc maaih fu jueiv hiaangx daaih buangv lungh ndiev yaac gunv duqv mbuoqc lungh ndiev nyei ga naaiv
Genesis_1_103_424040_427200|oix zuqc gunv yiem koiv nyei mbiauz
Genesis_1_104_427200_428760|yiem ndaamv lungh nyei norqc
Genesis_1_105_428760_431720|caux nyungc nyungc maaih maengc
Genesis_1_106_431720_434360|nyorng ndau beih nyei ga naaiv
Genesis_1_107_434360_438600|tin hungh aengx gorngv
Genesis_1_108_438600_439800|mangc maah
Genesis_1_109_439800_451360|yie zorqv yiem buangv ndau beih haih cuotv nyim nyei nyungc nyungc lai miev caux nyungc nyungc ndiangx maaih nyim nyei biouv
Genesis_1_110_451360_453600|jiu bun meih mbuo nyanc
Genesis_1_111_453600_459080|yiem ndau beih nyei saeng kuv hieh zoih
Genesis_1_112_459080_468880|yiem ndaamv lungh nyei yietc zungv norqc caux haih nyorng ndau beih maaih maengc nyei yietc zungv ga naaiv
Genesis_1_113_468880_475520|yie zorqv nyungc nyungc miev maeng bun ninh mbuo zoux nyanc nyei ga naaiv
Genesis_1_114_475520_477400|ziouc za gengh hnangv naaic
Genesis_1_115_477400_483840|tin hungh mangc ninh zeix daaih nyei nyungc nyungc ga naaiv
Genesis_1_116_483840_485760|buatc za gengh longx haic
Genesis_1_117_485760_489160|maaih lungh hmuangx yaac maaih lungh ndorm
Genesis_1_118_489160_491680|naaiv se da luoqc hnoi
Genesis_2_1_5000_10480|lungh ndau caux maanc muotc hnangv naaiv nor zeix ziangx nzengc aqv
Genesis_2_2_10480_18520|taux da cietv hnoi tin hungh zoux ziangx ninh zoux nyei gong
Genesis_2_3_18520_24080|da cietv hnoi ninh ziouc dingh gong hitv kuonx
Genesis_2_4_24080_28880|tin hungh ceix fuqv da cietv hnoi
Genesis_2_5_28880_34160|bun wuov norm hnoi benx cing nzengc hnoi
Genesis_2_6_34160_40320|weic zuqc ninh zeix lungh zeix ndau nyei gong ziangx
Genesis_2_7_40320_45920|ninh yaac dingh gong hitv kuonx
Genesis_2_8_45920_49360|e nden huingx
Genesis_2_9_49360_55240|zeix lungh zeix ndau nyei jauv louc se hnangv naaiv
Genesis_2_10_55240_61640|ziouv tin hungh zeix lungh zeix ndau wuov zanc
Genesis_2_11_61640_67800|ndau maiv gaengh maaih haaix nyungc miev ndiangx
Genesis_2_12_67800_76360|maiv gaengh maaih haaix nyungc ga naaiv nyim guqc nyaah cuotv
Genesis_2_13_76360_84240|weic zuqc ziouv tin hungh maiv gaengh bun mbiungc njiec ndau beih
Genesis_2_14_84240_88160|yaac maiv gaengh maaih mienh ziouc maiv gaengh maaih haaix dauh zoux lingh zoux ndeic
Genesis_2_15_88160_100520|kungx maaih wuom yiem ndau ndiev saamx cuotv daaih bun ndau ndorn gormx nzengc hnangv
Genesis_2_16_100520_110040|ziouv tin hungh aengx zorqv deix nie mbung nanv cuotv dauh mienh daaih yaac biomv maaih maengc nyei qiex bieqc ninh nyei mba zorng
Genesis_2_17_110040_114760|ninh ziouc benx maaih maengc nyei mienh aqv
Genesis_2_18_114760_119640|ziouv tin hungh ziouc yiem dong bung
Genesis_2_19_119640_121960|e nden wuov
Genesis_2_20_121960_130080|zoux norm huingx yaac bun ninh zeix daaih wuov dauh mienh yiem huingx gu nyuoz
Genesis_2_40_228760_235400|ziouv tin hungh ziouc bun ninh zeix daaih wuov laanh mienh yiem e nden huingx
Genesis_2_41_235400_240120|bun ninh fioux yaac goux jienv
Genesis_2_42_240120_243120|ziouv hatc ninh
Genesis_2_43_243120_245480|yiem naaiv huingx gu nyuoz
Genesis_2_44_245480_250000|haaix zungh biouv yaac nyanc duqv nyei
Genesis_2_45_250000_255200|mv baac bun mienh hiuv duqv longx hiuv duqv ciouv wuov zungh
Genesis_2_46_255200_258440|cin maanc maiv dungx nyanc
Genesis_2_47_258440_261560|se gorngv meih nyanc nor
Genesis_2_48_261560_265920|dongh wuov hnoi meih za gengh oix zuqc daic aqv
Genesis_2_49_265920_269040|ziouv tin hungh aengx gorngv
Genesis_2_50_269040_273000|nduqc laanh mienh ganh yiem hnangv se maiv horpc
Genesis_2_51_273000_275600|yie aengx oix zeix dauh daaih puix ninh
Genesis_2_52_275600_280760|caux ninh zoux doic tengx ninh
Genesis_2_53_280760_289480|ziouv  tin hungh ziouc zorqv deix nie daaih nanv nyungc nyungc yiem ndau nyei saeng kuv hieh zoih caux nyungc nyungc yiem ndaamv lungh nyei norqc
Genesis_2_54_289480_295280|ziouc dorh daaih bun wuov laanh mienh mangc gaax
Genesis_2_55_295280_301240|haaix nyungc horpc zuqc cuotv haaix nyungc mbuox
Genesis_2_56_301240_307360|wuov laanh mienh tengx naaiv deix maaih maengc nyei ga naaiv cuotv mbuox heuc haaix nyungc
Genesis_2_57_307360_312240|wuov nyungc ga naaiv ziouc duqv mbuox heuc wuov nyungc aqv
Genesis_2_58_312240_321320|naaiv laanh mienh tengx cuotv nzoih nyungc nyungc saeng kuv nyei mbuox caux yiem ndaamv lungh nyei norqc caux yietc zungv yiem lomc nyei hieh zoih nyei mbuox
Genesis_2_59_321320_326480|corc buatc maiv maaih yietc dauh puix ninh
Genesis_2_60_326480_332360|caux ninh zoux doic tengx ninh
Genesis_2_61_332360_337080|ziouv tin hungh ziouc bun wuov dauh mienh bueix m njormh ndo nyei
Genesis_2_62_337080_339760|m njormh mingh wuov zanc
Genesis_2_63_339760_347320|ninh zorqv diuh wuov laanh mienh nyei la saengx mbungv aengx bun orv ziangh ndipc mi aqv
Genesis_2_64_347320_356240|ziouv tin hungh longc yiem m jangc dorn zorqv cuotv wuov diuh la saengx mbungv zoux benx dauh m sieqv dorn
Genesis_2_65_356240_359840|aengx dorh daaih taux m jangc dorn wuov
Genesis_2_66_359840_361600|wuov dauh m jangc dorn ziouc gorngv
Genesis_2_67_361600_365080|dongh naaiv aqv
Genesis_2_68_365080_368240|mbungv yaac yie nyei mbungv benx daaih
Genesis_2_69_368240_371880|orv yaac yie nyei orv benx daaih
Genesis_2_70_371880_376280|oix zuqc tengx ninh cuotv mbuox heuc m sieqv dorn
Genesis_2_71_376280_381360|weic zuqc ninh yiem m jangc dorn cuotv daaih
Genesis_2_72_381360_385600|weic naaiv m jangc dorn dorng jaa
Genesis_2_73_385600_387400|leih ninh nyei diex maac
Genesis_2_74_387400_392480|caux jienv ninh nyei auv gapv daaih
Genesis_2_75_392480_396720|ninh mbuo ziouc benx yietc dauh mi aqv
Genesis_2_76_396720_402560|naaiv dauh m jangc dorn caux ninh nyei auv laengh gaengv nyei yiem mv baac laanh maiv nyaiv laanh
Genesis_3_10_51280_55000|meih mbuo zungv zuqc daic aqv
Genesis_3_11_55000_57800|naang gorngv mbuox m sieqv dorn
Genesis_3_12_57800_59000|meih mbuo maiv daic lorqc
Genesis_3_13_59000_65960|tin hungh hnangv naaiv gorngv weic zuqc ninh hiuv duqv meih mbuo nyanc liuz
Genesis_3_14_65960_69960|meih mbuo haih hnamv duqv tong
Genesis_3_15_69960_73320|meih mbuo ziouc hnangv tin hungh nor
Genesis_3_16_73320_77560|haih hiuv duqv longx hiuv duqv ciouv
Genesis_3_17_77560_83000|wuov dauh m sieqv dorn mangc buatc wuov zungh biouv nzueic nyei
Genesis_3_18_83000_86360|daaix nyanc kuv nyei
Genesis_3_19_86360_91720|ninh yaac hnamv daaih se gorngv haih bun mienh guai nor
Genesis_3_20_91720_94440|za gengh longx haic
Genesis_3_21_94440_97560|ninh ziouc gaeqv daaih nyanc aqv
Genesis_3_22_97560_101360|aengx bun deix ninh nyei nqox nyanc
Genesis_3_23_101360_104280|ninh mbuo nyanc liuz
Genesis_3_24_104280_107280|ninh mbuo haih hnamv duqv tong
Genesis_3_25_107280_111120|ninh mbuo hiuv duqv ganh laengh gaengv nyei yiem
Genesis_3_26_111120_116520|ziouc zorqv ngongh nyorx ndiangx normh lunh daaih pongx jienv aqv
Genesis_3_27_116520_118600|wuov hnoi
Genesis_3_28_118600_121960|lungh maanz hmuangx nyei ziangh hoc
Genesis_3_29_121960_128440|ninh mbuo haiz ziouv tin hungh yiem huingx gu nyuoz yangh jauv
Genesis_3_30_128440_136080|wuov dauh m jangc dorn caux ninh nyei auv ziouc bieqc huingx nyei ndiangx lomc mingh bingx jienv ziouv
Genesis_3_31_136080_140040|mv baac ziouv  tin hungh heuc wuov dauh m jangc dorn
Genesis_3_32_140040_142480|meih yiem haaix laeh
Genesis_3_33_142480_146520|wuov dauh m jangc dorn dau
Genesis_3_34_146520_150560|yie haiz meih yiem naaiv huingx
Genesis_3_35_150560_155760|yie gamh nziex haic weic zuqc yie laengh gaengv nyei yiem ziouc bingx meih
Genesis_3_36_155760_159280|tin hungh naaic gaax
Genesis_3_37_159280_161720|haaix dauh mbuox meih
Genesis_3_38_161720_166440|meih nyei sin laengh gaengv nyei
Genesis_3_39_166440_173160|meih nyanc dongh yie hatc meih maiv dungx nyanc wuov zungh biouv mi aqv saah
Genesis_3_40_173160_176240|wuov dauh m jangc dorn dau
Genesis_3_41_176240_182480|dongh meih bun daaih caux yie yiem naaiv wuov dauh m sieqv dorn
Genesis_3_42_182480_186160|ninh bun naaiv zungh ndiangx nyei biouv yie
Genesis_3_43_186160_189480|yie ziouc nyanc mi aqv
Genesis_3_44_189480_193480|ziouv  tin hungh naaic gaax wuov dauh m sieqv dorn
Genesis_3_45_193480_196600|meih zoux cuotv haaix nyungc sic mi aqv
Genesis_3_46_196600_200000|wuov dauh m sieqv dorn dau
Genesis_3_47_200000_202320|naang ganh nduov yie
Genesis_3_48_202320_203040|yie ziouc nyanc
Genesis_3_49_203040_208160|tin hungh dingc zuiz
Genesis_3_50_208160_211560|ziouv tin hungh mbuox wuov diuh naang
Genesis_3_51_211560_214840|laaix meih hnangv naaiv nor zoux
Genesis_3_52_214840_219800|meih ziouc zuqc houv gauh hniev yietc zungv saeng kuv
Genesis_3_53_219800_223520|gauh camv yietc zungv hieh zoih
Genesis_3_54_223520_228720|meih oix zuqc longc ga sie luih jienv gan ndau mingh
Genesis_3_55_228720_231960|yietc seix oix zuqc nyanc nie mbung
Genesis_3_56_231960_234600|yie oix bun meih caux naaiv dauh m sieqv dorn daav win
Genesis_3_57_234600_242680|yaac bun meih nyei zeiv fun caux ninh nyei zeiv fun zoux win wangv
Genesis_3_58_242680_246840|ninh nyei zeiv fun oix mborqv meih nyei m nqorngv huv
Genesis_3_59_246840_249240|meih yaac oix nyorqv ninh nyei zaux nqo
Genesis_3_60_249240_255760|tin hungh yaac gorngv mbuox wuov dauh m sieqv dorn
Genesis_3_61_255760_260760|maaih sin nyei ziangh hoc yie oix jaa tipv bun meih kouv
Genesis_3_62_260760_264720|ndutv sin nyei ziangh hoc meih oix zuqc mun
Genesis_3_63_264720_268760|mv baac meih corc oix longc meih nyei nqox
Genesis_3_64_268760_270800|meih nyei nqox yaac oix gunv jienv meih
Genesis_3_65_270800_275520|tin hungh yaac gorngv mbuox aa ndam
Genesis_3_66_275520_279280|laaix meih muangx meih nyei auv nyei waac
Genesis_3_67_279280_282240|nyanc dongh yie hatc meih
Genesis_3_68_282240_285520|maiv dungx nyanc wuov zungh biouv
Genesis_3_69_285520_289360|ndau ziouc laaix meih zoux nyei sic zuqc houv
Genesis_3_70_289360_292840|meih yietc seix oix zuqc bangc ndau zoux gong kouv cingx duqv nyanc
Genesis_4_1_6000_9440|aa ndam caux ninh nyei auv
Genesis_4_2_9440_11120|haawaa
Genesis_4_3_11120_13720|nitv liuz doic
Genesis_4_4_13720_17720|ninh nyei auv ziouc maaih jienv sin aqv
Genesis_4_5_17720_20600|yungz duqv dauh dorn daaih
Genesis_4_6_20600_23000|ninh ziouc gorngv
Genesis_4_7_23000_26120|ziouv tengx yie duqv dauh dorn daaih aqv
Genesis_4_8_26120_28760|ninh ziouc cuotv mbuox heuc kaa in
Genesis_4_9_28760_36240|nqa haav ninh aengx yungz kaa in nyei youz aa mbaen
Genesis_4_10_36240_40800|aa mbaen hlo daaih ninh yungz ba gi yungh
Genesis_4_11_40800_44120|kaa in aeqv zoux liangx ndeic
Genesis_4_12_44120_53880|jiex daaih maaih hnoi kaa in dorh deix ninh nyei ndeic zaangc cuotv nyei ga naaiv zuangx daaih fongc horc bun ziouv
Genesis_4_13_53880_63960|aa mbaen dorh deix yiem ninh nyei ba gi yungh guanh gu nyuoz nyei daauh toi dorn caux ba gi yungh nyei hmei daaih fongc horc
Genesis_4_14_63960_68680|ziouv buangv hnyouv aa mbaen caux ninh fongc horc nyei ga naaiv
Genesis_4_15_68680_74600|mv baac kaa in caux ninh fongc horc nyei ga naaiv tin hungh maiv buangv hnyouv aqv
Genesis_4_16_74600_76080|kaa in ziouc qiex jiez haic
Genesis_4_17_76080_81360|hmien mapv maengh mapv hmuangx nyei
Genesis_4_18_81360_84920|ziouv ziouc gorngv mbuox kaa in
Genesis_4_19_84920_88000|meih zoux haaix nyungc qiex jiez
Genesis_4_20_88000_90360|hmien ndongc naaic hmuangx
Genesis_4_21_90360_94600|meih zoux duqv horpc nor yie buangv hnyouv meih
Genesis_4_22_94600_96920|laaix meih zoux maiv horpc
Genesis_4_23_96920_101560|zuiz mbaapv jienv wuov gaengh ndaangc oix gunv jienv meih
Genesis_4_24_101560_105200|mv baac meih oix zuqc borngz taux hingh
Genesis_4_25_105200_109840|kaa in gorngv mbuox ninh nyei youz aa mbaen
Genesis_4_26_109840_113520|mbuo mingh wuov jiex ndeic orqc
Genesis_4_27_113520_116040|mingh taux ndeic
Genesis_4_28_116040_121080|kaa in ziouc caa jienv ninh nyei youz daix guangc mi aqv
Genesis_4_29_121080_123560|ziouv naaic gaax kaa in
Genesis_4_30_123560_126160|meih nyei youz aa mbaen jiex haaix mi aqv
Genesis_4_31_126160_130360|kaa in dau
Genesis_4_32_130360_132720|yie maiv hiuv niaa yie corc oix zuqc goux yie nyei youz fai
Genesis_4_33_132720_136200|ziouv aengx gorngv
Genesis_4_34_136200_141000|meih zoux cuotv haaix nyungc sic
Genesis_4_35_141000_147520|meih nyei youz nyei nziaamv yiem ndau ndiev heuc jienv cuotv daaih gox yie
Genesis_4_36_147520_150480|ih zanc yie houv jienv meih
Genesis_4_37_150480_153760|yangh naaiv jiex meih maiv duqv zoux ndeic
Genesis_4_38_153760_161240|weic zuqc meih longc meih nyei buoz bun meih nyei youz nyei nziaamv liouc njiec saamx bieqc ndau
Genesis_4_39_161240_165240|hnangv ndau morngx nzuih naqv nziaamv nor
Genesis_4_40_165240_170200|yiem naaiv mingh meih zoux ndeic nyei ziangh hoc
Genesis_4_41_170200_173160|ndau maiv cuotv gaeng zuangx
Genesis_4_42_173160_178840|meih oix zuqc zoux njouh huaax mienh youh lungh ndiev
Genesis_4_43_178840_182520|kaa in aengx gorngv mbuox ziouv
Genesis_4_44_182520_188360|meih hnangv naaiv nor dingc yie nyei zuiz se ba laqc hniev haic
Genesis_4_45_188360_189000|yie diev maiv duqv
Genesis_4_46_189000_194200|mangc gaax ih hnoi meih zunc yie biaux
Genesis_4_47_194200_197040|guangc jienv naaiv deix ndau mingh
Genesis_4_48_197040_200840|yaac maiv bun yie yiem meih nyei nza hmien
Genesis_4_49_200840_206360|yie oix zuqc zoux njouh huaax mienh jiex naaiv jiex wuov youh lungh ndiev
Genesis_4_50_206360_212640|taux haaix mienh buatc yie ninh mbuo oix daix yie
Genesis_4_51_212640_215480|mv baac ziouv dau
Genesis_4_52_215480_217280|maiv duqv lorqc
Genesis_4_53_217280_223800|haaix dauh daix meih oix zuqc zorqv siec dauh daix div meih yietc dauh
Genesis_4_54_223800_229480|ziouv ziouc zoux norm jangx hoc yiem kaa in nyei sin
Genesis_4_55_229480_233120|haaix dauh buatc ninh ziouc hiuv duqv daix maiv duqv ninh aqv
Genesis_4_56_233120_238200|kaa in ziouc leih nqoi ziouv  mi aqv
Genesis_4_57_238200_241840|mingh e nden dong bung maengx
Genesis_4_58_241840_244480|yiem norm deic bung heuc notv
Genesis_4_59_244480_246040|kaa in nyei zeiv fun
Genesis_4_60_246040_251200|kaa in caux ninh nyei auv nitv liuz doic
Genesis_4_61_251200_254480|ninh nyei auv ziouc maaih sin aqv
Genesis_4_62_254480_258560|yungz duqv dauh dorn yaac cuotv mbuox heuc enokv
Genesis_4_63_258560_267280|kaa in ceix norm zingh daaih cuotv mbuox gan ninh nyei dorn nyei mbuox heuc enokv
Genesis_4_64_267280_271840|enokv duqv dauh dorn heuc i laatv
Genesis_4_65_271840_277440|i laatv zoux me hux yaa en nyei die
Genesis_4_66_277440_282920|me hux yaa en zoux me tu saa en nyei die
Genesis_4_67_282920_287480|me tu saa en zoux laamekv nyei die
Genesis_4_68_287480_290680|laamekv longc i dauh auv
Genesis_4_69_290680_293240|maaih dauh heuc aa ndaa
Genesis_4_70_293240_295840|maaih dauh heuc sinx laa
Genesis_4_71_295840_299640|aa ndaa yungz duqv yaa mbaan
Genesis_4_72_299640_305880|yaa mbaan zoux yiem ndopv liuh yungz saeng kuv wuov deix mienh nyei ong taaix ngaeqv
Genesis_4_73_305880_310000|ninh nyei youz heuc yu mbaan
Genesis_4_74_310000_312120|yu mbaan zoux patv daanh baah
Genesis_4_75_312120_316400|biomv hlauv ndongh nux wuov deix mienh nyei ong taaix ngaeqv
Genesis_4_76_316400_320640|sinx laa yungz duqv tu mban kaa in
Genesis_4_77_320640_325920|tu mban kaa in zoux zaangc mienh
Genesis_4_78_325920_331560|longc dongh siqv caux hlieqv zoux nyungc nyungc jaa sic
Genesis_4_79_331560_336680|ninh nyei muoc heuc naa aa maa
Genesis_4_80_336680_340480|laamekv mbuox ninh nyei auv
Genesis_4_81_340480_344600|aa ndaa caux sinx laa muangx yie gorngv maah
Genesis_4_82_344600_347640|laamekv nyei m sieqv dorn aah
Genesis_4_83_347640_350800|muangx longx yie nyei waac
Genesis_4_84_350800_354320|yie daix dauh mienh weic zuqc ninh hoic yie siang haic
Genesis_4_85_354320_358680|daix dauh mienh lunx mienh weic ninh mborqv yie mun
Genesis_4_86_358680_366440|se gorngv haaix dauh daix kaa in oix zuqc daix siec dauh div nor
Genesis_4_87_366440_370600|haaix dauh daix yie oix zuqc maaih cietv ziepc cietv dauh div
Genesis_4_88_370600_375960|setc caux enotv
Genesis_4_89_375960_379600|aa ndam caux ninh nyei auv nitv liuz doic
Genesis_4_90_379600_383240|ninh nyei auv aengx yungz duqv dauh dorn daaih
Genesis_4_91_383240_384480|ninh nyei auv gorngv
Genesis_4_92_384480_390560|tin hungh aengx bun dauh dorn yie div aa mbaen
Genesis_4_93_390560_393880|dongh kaa in daix wuov dauh
Genesis_4_94_393880_397560|ninh ziouc cuotv mbuox heuc setc
Genesis_4_95_397560_399160|setc yaac duqv dauh dorn
Genesis_4_96_399160_401720|cuotv mbuox heuc enotv
Genesis_4_97_401720_407560|wuov zanc mienh jiez gorn gorngv cuotv ziouv  nyei mbuox zaangc ninh
Genesis_5_1_4000_7560|naaiv se aa ndam nyei zeiv fun nyei douh zong daan
Genesis_5_2_7560_12280|tin hungh zeix mienh daaih wuov zanc
Genesis_5_3_12280_15720|ninh zeix daaih zuangv ninh ganh
Genesis_5_4_15720_19480|ninh zeix benx m jangc m sieqv yaac ceix fuqv bun ninh mbuo
Genesis_5_5_19480_23200|aengx tengx cuotv mbuox heuc
Genesis_5_6_23200_25880|baamh mienh
Genesis_5_7_25880_29760|aa ndam duqv yietc baeqv faah ziepc hnyangx
Genesis_5_8_29760_33520|ninh aengx duqv dauh dorn daaih zuangv ninh
Genesis_5_9_33520_37680|yaac tengx cuotv mbuox heuc setc
Genesis_5_10_37680_40440|yiem duqv liuz setc
Genesis_5_11_40440_44640|aa ndam aengx ziangh duqv betv baeqv hnyangx
Genesis_5_12_44640_49120|corc maaih dorn maaih sieqv nyei
Genesis_5_13_49120_55960|aa ndam nyei hnyangx jeiv duqv juov baeqv faah ziepc hnyangx ziouc guei seix mi aqv
Genesis_5_14_55960_60000|setc duqv yietc baeqv lengh biaa hnyangx
Genesis_5_15_60000_65080|ninh duqv dauh dorn mbuox heuc enotv
Genesis_5_16_65080_67960|yiem duqv liuz enotv
Genesis_5_17_67960_72360|ninh ziangh duqv betv baeqv lengh siec hnyangx
Genesis_5_18_72360_76760|corc maaih dorn maaih sieqv nyei
Genesis_5_19_76760_81400|setc nyei hnyangx jeiv duqv juov baeqv ziepc nyeic hnyangx
Genesis_5_20_81400_84880|ninh ziouc guei seix mi aqv
Genesis_5_21_84880_89560|enotv duqv juov ziepc hnyangx ninh duqv dauh dorn
Genesis_5_22_89560_92680|mbuox heuc kenan
Genesis_5_23_92680_98520|yiem duqv liuz kenan ninh ziangh duqv betv baeqv ziepc hmz hnyangx
Genesis_5_24_98520_99800|corc maaih dorn maaih sieqv nyei
Genesis_5_25_99800_108320|enotv nyei hnyangx jeiv duqv juov baeqv lengh biaa hnyangx
Genesis_5_26_108320_110200|ninh ziouc guei seix mi aqv
Genesis_5_27_110200_115800|kenan duqv cietv ziepc hnyangx
Genesis_5_28_115800_118400|ninh duqv dauh dorn
Genesis_5_29_118400_122760|mbuox heuc maa haa laa len
Genesis_5_30_122760_125760|duqv liuz maa haa laa len
Genesis_5_31_125760_128680|ninh aengx ziangh duqv betv baeqv feix ziepc hnyangx
Genesis_5_32_128680_133720|corc maaih dorn maaih sieqv nyei
Genesis_5_33_133720_140840|kenan nyei hnyangx jeiv duqv juov baeqv lengh ziepc hnyangx ziouc guei seix mi aqv
Genesis_5_34_140840_145360|maa haa laa len duqv luoqc ziepc hmz hnyangx
Genesis_5_35_145360_147960|ninh duqv dauh dorn
Genesis_5_36_147960_150680|mbuox heuc yaaletv
Genesis_5_37_150680_153000|duqv liuz yaaletv
Genesis_5_38_153000_156040|ninh aengx ziangh duqv betv baeqv faah ziepc hnyangx
Genesis_5_39_156040_161000|corc maaih dorn maaih sieqv nyei
Genesis_5_40_161000_168720|maa haa laa len nyei hnyangx jeiv duqv betv baeqv juov ziepc hmz hnyangx ziouc guei seix mi aqv
Genesis_5_41_168720_173360|yaaletv duqv yietc baeqv luoqc ziepc nyeic hnyangx
Genesis_5_42_173360_177680|ninh duqv dorn mbuox heuc enokv
Genesis_5_43_177680_180440|yiem duqv liuz enokv
Genesis_5_44_180440_184520|ninh aengx ziangh duqv betv baeqv hnyangx
Genesis_5_45_184520_187760|corc maaih dorn maaih sieqv nyei
Genesis_5_46_187760_194520|yaaletv nyei hnyangx jeiv duqv juov baeqv luoqc ziepc nyeic hnyangx ziouc guei seix mi aqv
Genesis_5_47_194520_198120|enokv duqv luoqc ziepc hmz hnyangx
Genesis_5_48_198120_200520|ninh duqv dauh dorn
Genesis_5_49_200520_204440|mbuox heuc me tu se laa
Genesis_5_50_204440_207440|duqv liuz naaiv dauh dorn
Genesis_6_20_89920_92080|yie oix fioux nzengc
Genesis_6_21_92080_95680|guaatv nzengc yie zeix daaih nyei mienh
Genesis_6_22_95680_98880|maiv bun yiem ndau beih
Genesis_6_23_98880_101800|liemh mienh liemh hieh zoih
Genesis_6_24_101800_107280|nyorng ndau nyei ga naaiv caux ndaamv lungh nyei norqc oix mietc nzengc
Genesis_6_25_107280_110160|weic zuqc yie hnamv nzuonx
Genesis_6_26_110160_114280|feix duqv maiv dungx zeix naaiv deix ga naaiv
Genesis_6_27_114280_119080|mv baac noyaa zoux duqv horpc ziouv  nyei hnyouv
Genesis_6_28_119080_123080|yiem naaiv mingh gorngv noyaa nyei jauv louc
Genesis_6_29_123080_125920|noyaa zoux kuv mienh
Genesis_6_30_125920_131240|wuov jaax lungh ndiev kungx ninh ganh maiv maaih dorngx daanh hnangv
Genesis_6_31_131240_135120|ninh haaix zanc yaac gan longx tin hungh
Genesis_6_32_135120_140040|noyaa maaih buo dauh dorn mbuox heuc sem haam caux yaafetv
Genesis_6_33_140040_145640|tin hungh buatc lungh ndiev mienh waaic jienv njiec
Genesis_6_34_145640_148680|mienh kungx zoux doqc zoux orqv nyei sic hnangv
Genesis_6_35_148680_153000|tin hungh mangc lungh ndiev
Genesis_6_36_153000_155320|buatc baaic waaic nzengc
Genesis_6_37_155320_160400|weic zuqc baamh mienh yietc zungv kungx zoux orqv zoux waaic nyei jauv hnangv
Genesis_6_38_160400_166240|tin hungh ziouc gorngv mbuox noyaa
Genesis_6_39_166240_174840|yie dingc hnyouv oix mietc lungh ndiev mienh weic zuqc ninh mbuo zoux orqv sic buangv nzengc lungh ndiev
Genesis_6_40_174840_176720|mangc maah
Genesis_6_41_176720_179040|liemh ninh mbuo
Genesis_6_42_179040_181520|liemh ndau beih
Genesis_6_43_181520_184240|yie oix mietc nzengc
Genesis_6_44_184240_189800|meih oix zuqc longc jiem haic nyei ndiangx gapv poux nzangv
Genesis_6_45_189800_196080|nzangv gu nyuoz oix zuqc nqenx jienv yietc qongx yietc qongx nyei
Genesis_6_46_196080_201280|yaac oix zuqc longc ndau ndiev nyouh haic nyei zung naic jienv gu nyuoz ga nyiec
Genesis_6_47_201280_207640|naaiv poux nzangv oix zuqc hnangv naaiv nor zoux
Genesis_6_48_207640_210040|ndaauv faam baeqv ndorqc
Genesis_6_49_210040_212440|jangv hmz ziepc ndorqc
Genesis_6_50_212440_214920|hlang faah ziepc ndorqc
Genesis_6_51_214920_218520|oix zuqc gomv jienv nzangv liuh
Genesis_6_52_218520_224160|nzangv liuh oix zuqc leih nzangv sin yietc ndorqc hlang
Genesis_6_53_224160_229520|gaengh oix zuqc zoux yiem yietc bung nzangv hlen hnangv
Genesis_6_54_229520_234600|naaiv poux nzangv oix zuqc nqenx zoux buo nzangh
Genesis_6_55_234600_238680|gu nguaaic mbu ndongx caux ga ndiev
Genesis_6_56_238680_244200|mangc maah yie oix bun mbiungc suiv imx yiemx ndau beih
Genesis_6_57_244200_249600|yiemx daic yietc zungv yiem lungh ndiev maaih maengc nyei ga naaiv
Genesis_6_58_249600_252200|da faanh nangh nyei
Genesis_6_59_252200_256520|maaih qiex nyei ga naaiv oix zuqc daic nzengc
Genesis_6_60_256520_261440|mv baac yie oix caux meih laengz jiez ngaengc waac
Genesis_7_30_129320_132520|lungh nyei gaengh yietc zungv nqoi
Genesis_7_31_132520_138080|duih domh mbiungc njiec feix ziepc hnoi feix ziepc muonz
Genesis_7_32_138080_139520|dongh wuov hnoi
Genesis_7_33_139520_142600|noyaa caux ninh nyei buo dauh dorn
Genesis_7_34_142600_143520|sem
Genesis_7_35_143520_149160|haam caux yaafetv caux noyaa nyei auv caux ninh nyei buo dauh mbuangz bieqc nzangv
Genesis_7_36_149160_152080|ninh mbuo dorh nyungc nyungc hieh zoih
Genesis_7_37_152080_159320|nyungc nyungc saeng kuv caux nyungc nyungc nyorng ndau beih nyei ga naaiv
Genesis_7_38_159320_163280|ninh mbuo yaac dorh nyungc nyungc norqc
Genesis_7_39_163280_167360|se yietc zungv maaih ndaatv nyei ga naaiv
Genesis_7_40_167360_171600|yietc nyungc ziux yietc nyungc nyei buonv
Genesis_7_41_171600_174080|yietc zungv maaih maengc nyei ga naaiv
Genesis_7_42_174080_176200|yietc nyungc maaih yietc nyungc nyei doix
Genesis_7_43_176200_181040|daaih caux noyaa bieqc nzangv
Genesis_7_44_181040_185400|daaih bieqc nzangv nyei nyungc nyungc saeng kuv
Genesis_7_45_185400_187080|maaih dauh gouv maaih dauh nyeiz
Genesis_7_46_187080_190560|ziux tin hungh paaiv noyaa nyei waac
Genesis_7_47_190560_195240|ziouv ganh ziouc guon jienv nzangv nyei gaengh
Genesis_7_48_195240_198440|mbiungc suiv imx yiemx lungh ndiev
Genesis_7_49_198440_203200|mbiungc suiv imx yiemx jienv ndau faaux feix ziepc hnoi
Genesis_7_50_203200_205400|wuom buangv jienv faaux
Genesis_7_51_205400_209000|nzangv ziouc yiem ndau beih mbiouh jienv faaux
Genesis_7_52_209000_211040|wuom buangv jienv faaux
Genesis_7_53_211040_214480|nzangv mbiouh jienv wuom minc mingh
Genesis_7_54_214480_219800|wuom buangv jienv faaux taux yiemx nzengc lungh ndiev hlang jiex nyei mbong ningv
Genesis_7_55_219800_225760|corc aengx yiemx faaux ziqc mbong ningv ziepc hmz ndorqc
Genesis_7_56_225760_228240|nyungc nyungc yiem ndau beih maaih maengc
Genesis_7_57_228240_230080|haih dongz nyei ga naaiv
Genesis_7_58_230080_232440|se norqc caux saeng kuv hieh zoih
Genesis_7_59_232440_238440|haih nyorng ndau nyei ga naaiv caux mienh maanh daic nzengc mi aqv
Genesis_7_60_238440_242000|da faanh yiem ndau beih maaih maengc
Genesis_7_61_242000_246840|haih tauv qiex nyei ga naaiv daic nzengc mi aqv
Genesis_7_62_246840_252200|yiem ndau beih maaih maengc nyei ga naaiv yietc zungv zuqc guaatv zuqc mietc nzengc
Genesis_7_63_252200_253640|liemh mienh maanh
Genesis_7_64_253640_255040|saeng kuv
Genesis_7_65_255040_260440|haih nyorng ndau nyei ga naaiv caux yiem ndaamv lungh nyei norqc zuqc guaatv zuqc mietc nzengc
Genesis_7_66_260440_267920|kungx zengc noyaa aengx caux ninh yiem nzangv gu nyuoz wuov deix hnangv
Genesis_7_67_267920_272160|wuom yiemx jienv lungh ndiev yietc baeqv hmz ziepc hnoi
Genesis_8_1_6000_13520|tin hungh zungv maiv la kuqv noyaa yaac caux ninh yiem nzangv wuov deix yietc zungv saeng kuv hieh zoih
Genesis_8_2_13520_17280|tin hungh bun nziaaux buonc ndau beih
Genesis_8_3_17280_19560|wuom ziouc haapv jienv njiec
Genesis_8_4_19560_23000|ndau ndiev nyei wuom zingv nyei kuotv yietc zungv ndipc mi aqv
Genesis_8_5_23000_27520|gu nguaaic lungh nyei gaengh yaac guon nzengc
Genesis_8_6_27520_29760|lungh yaac hlorngx mi aqv
Genesis_8_7_29760_32240|wuom manc manc haapv jienv njiec
Genesis_8_8_32240_37520|jiex liuz yietc baeqv hmz ziepc hnoi wuom corc haapv jienv njiec
Genesis_8_9_37520_41080|taux cietv hlaax ziepc cietv wuov hnoi
Genesis_8_10_41080_47080|nzangv ziouc dingh jienv aa laa latv geh nyei yietc norm mbong ningv
Genesis_8_11_47080_52760|wuom aengx haapv jienv njiec taux ziepc hlaax saeng yietv wuov hnoi
Genesis_8_12_52760_55240|mbong ningv ziouc cuotv daaih
Genesis_8_13_55240_58080|jiex liuz feix ziepc hnoi
Genesis_8_14_58080_63640|noyaa koi nqoi dongh ninh zoux daaih yiem nzangv nyei fong muonh
Genesis_8_15_63640_67040|ziouc bungx norm norqc aa cuotv
Genesis_8_16_67040_73200|norqc aa kungx ndaix mingh ndaix daaih taux ga ndiev ndau nyei wuom haapv nqaai nzengc
Genesis_8_17_73200_78960|noyaa aengx bungx norm norqc nqo cuotv mingh weic zuqc ninh oix hiuv duqv
Genesis_8_18_78960_82800|ndau beih nyei wuom haapv fai maiv gaengh haapv
Genesis_8_19_82800_86440|mv baac wuom corc yiemx jienv lungh ndiev
Genesis_8_20_86440_93640|norqc nqo lorz maiv duqv dorngx nzopc ziouc nzuonx daaih taux nzangv hlen
Genesis_8_21_93640_97000|noyaa aengx sung buoz zipv bieqc nzangv
Genesis_8_22_97000_102840|ninh zuov siec hnoi liuz aengx bungx norqc nqo yiem nzangv cuotv mingh
Genesis_8_23_102840_107600|lungh maanz hmuangx norqc nqo nzuonx taux noyaa wuov
Genesis_8_24_107600_112280|nzuih baengx ndaam jienv yietc kuaaiv ga lanv normh maeng nyei
Genesis_8_25_112280_113600|nyiemz nyei
Genesis_8_26_113600_117360|noyaa ziouc hiuv duqv wuom haapv njiec mi aqv
Genesis_8_27_117360_123480|ninh aengx zuov siec hnoi liuz ziouc bungx norqc nqo cuotv nzunc
Genesis_8_28_123480_127520|naaiv nzunc norqc nqo maiv nzuonx aqv
Genesis_8_29_127520_130280|noyaa duqv luoqc baeqv lengh yietc hnyangx
Genesis_8_30_130280_132960|zih hlaax saeng yietv wuov hnoi
Genesis_8_31_132960_135400|ndau beih nyei wuom nqaai mi aqv
Genesis_8_32_135400_139800|noyaa ziouc caeqv tong nzangv liuh mangc buatc ndau nqaai deix aqv
Genesis_8_33_139800_145200|taux nyeic hlaax nyic ziepc cietv wuov hnoi
Genesis_8_34_145200_146760|ndau nqaai nzengc mi aqv
Genesis_8_35_146760_150440|tin hungh gorngv mbuox noyaa
Genesis_8_36_150440_153880|meih caux meih nyei auv jueiv dorn mbuangz cuotv nzangv aqv
Genesis_8_37_153880_159880|caux meih yiem naaiv deix nyungc nyungc maaih maengc nyei ga naaiv
Genesis_8_38_159880_160680|norqc
Genesis_8_39_160680_170600|saeng kuv caux nyorng ndau nyei ga naaiv oix zuqc dorh cuotv daaih weic bun ninh mbuo douc buonv hiaangx daaih buangv lungh ndiev
Genesis_8_40_170600_176160|noyaa caux ninh nyei auv jueiv dorn mbuangz ziouc cuotv nzengc daaih aqv
Genesis_8_41_176160_180280|yietc zungv saeng kuv caux nyorng ndau nyei ga naaiv caux norqc
Genesis_8_42_180280_183920|yietc zungv yiem ndau beih haih dongz nyei ga naaiv
Genesis_8_43_183920_188160|yietc nyungc yietc nyungc nyei
Genesis_8_44_188160_191880|cuotv nzangv nzengc
Genesis_8_45_191880_193920|noyaa longc saeng kuv ziec ziouv
Genesis_8_46_193920_198240|noyaa ceix norm ziec dorngh daaih weic ziouv
Genesis_8_47_198240_205160|ninh aengx zorqv nyungc nyungc maiv maaih uix nyei saeng kuv caux nyungc nyungc maiv maaih uix nyei norqc
Genesis_8_48_205160_208240|an ziec dorngh benx buov ziec nyei ga naaiv
Genesis_8_49_208240_211280|ziouv  haiz naaiv deix qiex ndaang
Genesis_8_50_211280_213080|horpc hnyouv haic
Genesis_8_51_213080_215320|ziouc yiem hnyouv hnamv
Genesis_8_52_215320_221680|yie yietc liuz maiv aengx weic mienh zoux waaic sic houv ndau beih
Genesis_8_53_221680_228040|weic zuqc mienh maanh yiem faix nyei m daaih kungx maaih hnyouv zoux waaic sic hnangv
Genesis_8_54_228040_235560|yangh naaiv jiex yie maiv hnangv naaiv nzunc mietc nyungc nyungc maaih maengc nyei ga naaiv
Genesis_8_55_235560_238640|da faanh baamh gen corc yiem jienv nyei ziangh hoc
Genesis_8_56_238640_244000|zuangx nyei cun ciou caux siou nyei cun ciou
Genesis_8_57_244000_247720|juangv nyei ziangh hoc caux yuoqv nyei ziangh hoc
Genesis_8_58_247720_249160|dong gen caux cun gen
Genesis_8_59_249160_252680|lungh hnoi zanc caux lungh muonz zanc
Genesis_8_60_252680_255200|yietc liuz maiv haih nzengc
Genesis_9_1_6000_11240|tin hungh buang waac noyaa caux ninh nyei dorn mbuo
Genesis_9_2_11240_12720|ninh gorngv
Genesis_9_3_12720_17560|meih mbuo oix zuqc maaih dorn jueiv fun faqv hiaangx daaih buangv lungh ndiev
Genesis_9_4_17560_22600|da faanh yiem ndau beih nyei saeng kuv caux yiem ndaamv lungh nyei norqc
Genesis_9_5_22600_28240|nyorng ndau beih nyei ga naaiv caux yiem koiv nyei mbiauz oix gamh nziex meih mbuo
Genesis_9_6_28240_31400|yie zorqv ninh mbuo jiu bun meih mbuo gunv
Genesis_9_7_31400_36560|yietc zungv maaih maengc haih dongz nyei ga naaiv benx meih mbuo nyei nyanc hopv
Genesis_9_8_36560_45600|ih zanc yie zorqv nyungc nyungc jiu bun meih mbuo hnangv zinh ndaangc yie zorqv lai maeng lai miev jiu bun meih mbuo wuov nor
Genesis_9_9_45600_52080|mv baac maiv dungx nyanc maaih nziaamv yiem jienv nyei orv weic zuqc maengc yiem nziaamv
Genesis_9_10_52080_55080|haaix dauh hoic meih mbuo nyei maengc
Genesis_9_11_55080_58840|yie ziouc bun wuov dauh zuqc hoic maengc daic
Genesis_9_12_58840_62640|haaix dauh saeng kuv hoic meih mbuo nyei maengc
Genesis_9_13_62640_65080|yie ziouc bun ninh zuqc hoic maengc daic
Genesis_9_14_65080_68680|haaix dauh mienh hoic mienh nyei maengc
Genesis_9_15_68680_72400|yie bun wuov dauh zuqc hoic maengc daic
Genesis_9_16_72400_73880|haaix dauh daix mienh
Genesis_9_17_73880_75800|bun nziaamv liouc cuotv
Genesis_9_18_75800_78080|wuov dauh zungv zuqc mienh daix
Genesis_9_19_78080_80120|bun nziaamv liouc cuotv
Genesis_9_20_80120_83600|weic zuqc tin hungh zeix mienh
Genesis_9_21_83600_87480|se zeix daaih zuangv ninh ganh
Genesis_9_22_87480_90960|meih mbuo yaac oix zuqc maaih fu jueiv camv
Genesis_9_23_90960_94800|hiaangx daaih maaih fun maaih faqv camv jienv faaux buangv lungh ndiev
Genesis_9_24_94800_98920|tin hungh gorngv mbuox noyaa caux ninh nyei dorn mbuo
Genesis_9_25_98920_106560|ih zanc yie ganh caux meih mbuo yaac caux meih mbuo nyei zeiv fun liepc jiez ngaengc waac
Genesis_9_26_106560_111000|aengx caux meih yiem yietc zungv maaih maengc nyei ga naaiv
Genesis_9_27_111000_114280|se norqc caux yietc zungv saeng kuv hieh zoih
Genesis_9_28_114280_118600|da faanh yiem nzangv cuotv daaih yiem baamh gen maaih maengc nyei ga naaiv
Genesis_9_29_118600_120480|liepc jiez ngaengc waac
Genesis_9_30_120480_124120|yie oix caux meih mbuo liepc ngaengc waac
Genesis_9_31_124120_129480|yangh naaiv jiex yie yietc liuz maiv longc mbiungc suiv imx yiemx
Genesis_9_32_129480_132600|mietc mienh maanh yietc zungv maaih maengc nyei ga naaiv
Genesis_9_33_132600_136520|yietc liuz yaac maiv longc mbiungc suiv imx yiemx waaic ndau beih
Genesis_9_34_136520_139560|tin hungh gorngv
Genesis_9_35_139560_142560|mangc maah naaiv norm jangx hoc se yie caux meih mbuo
Genesis_9_36_142560_147240|yaac caux meih mbuo yiem naaiv nyungc nyungc maaih maengc nyei ga naaiv
Genesis_9_37_147240_149280|liepc nyei ngaengc waac
Genesis_9_38_149280_153640|se doic jiex doic yietc liuz yiem nyei ngaengc waac
Genesis_9_39_153640_156800|yie bun diuh jung hinc wuov mbuonx
Genesis_9_40_156800_162160|naaiv se yie caux baamh gen liepc ngaengc waac nyei jangx hoc
Genesis_9_41_162160_168840|yie haaix zanc bun mbuonx om jienv ndau beih gu nguaaic yaac maaih jung hinc wuov mbuonx
Genesis_9_42_168840_175640|yie ziouc jangx zuqc yie caux meih mbuo caux nyungc nyungc maaih maengc nyei ga naaiv liepc nyei ngaengc waac
Genesis_9_43_175640_179440|mbiungc suiv imx yietc liuz maiv aengx yiemx
Genesis_9_44_179440_181960|mietc yietc zungv maaih maengc nyei ga naaiv aqv
Genesis_9_45_181960_185360|jung hinc yiem wuov mbuonx cuotv daaih
Genesis_9_46_185360_193040|yie mangc buatc ziouc jangx zuqc tin hungh caux lungh ndiev nyungc nyungc maaih maengc nyei ga naaiv yietc liuz liepc jiez nyei ngaengc waac
Genesis_9_47_193040_196320|tin hungh gorngv mbuox noyaa
Genesis_9_48_196320_203640|naaiv se yie caux lungh ndiev yietc zungv maaih maengc nyei ga naaiv liepc ngaengc waac nyei jangx hoc
Genesis_9_49_203640_207040|noyaa caux ninh nyei dorn
Genesis_9_50_207040_210320|yiem nzangv cuotv daaih maaih noyaa nyei dorn
Genesis_9_51_210320_211760|mbuox heuc sem
Genesis_9_53_212320_214800|caux yaafetv
Genesis_9_54_214800_217680|haam se dongh kaa naa an nyei die
Genesis_9_55_217680_220840|naaiv se noyaa nyei buo dauh dorn
Genesis_9_56_220840_226960|dongh naaiv deix dorn bun njiec nyei zeiv fun nzaanx mingh yiem buangv lungh ndiev
Genesis_9_57_226960_233080|noyaa benx zoux ndeic nyei daauh dauh mienh yaac zoux huingx zuangx a ngunc biouv
Genesis_9_58_233080_236960|maaih nzunc ninh hopv huingx nyei a ngunc diuv nquin mingh
Genesis_9_59_236960_239600|laengh gaengv nyei bueix jienv ndopv liuh gu nyuoz
Genesis_9_60_239600_241480|haam
Genesis_9_61_241480_244240|dongh kaa naa an nyei die wuov dauh
Genesis_9_62_244240_246440|buatc ninh nyei die laengh gaengv nyei yiem
Genesis_9_63_246440_250720|ninh ziouc cuotv ga nyiec mbuox ninh nyei i dauh gorx
Genesis_9_64_250720_255840|sem caux yaafetv ziouc zorqv deix lui kuangx jienv ninh mbuo nyei mba dauh
Genesis_9_65_255840_257080|hluotv jienv bieqc mingh
Genesis_9_66_257080_261560|bungx lui njiec homc jienv ninh mbuo nyei die nyei sin
Genesis_9_67_261560_266760|yaac maiv huin mangc ninh mbuo nyei die laengh gaengv nyei sin
Genesis_9_68_266760_268360|nqa haav noyaa nzang daaih
Genesis_9_69_268360_272640|hiuv duqv ninh nyei dorn faix hnangv haaix nor zoux bun ninh
Genesis_9_70_272640_273640|ninh ziouc gorngv
Genesis_9_71_273640_275360|kaa naa an zuqc houv aqv
Genesis_9_72_275360_280440|ninh oix zuqc tengx ninh nyei i dauh gorx zoux gauh aiv jiex nyei nouh gauv
Genesis_9_73_280440_282400|ninh yaac gorngv
Genesis_9_74_282400_283720|oix zuqc ceng ziouv
Genesis_9_75_283720_286080|sem nyei tin hungh
Genesis_9_76_286080_289160|tov bun kaa naa an zoux sem nyei nouh gauv
Genesis_9_77_289160_292880|tov tin hungh bun yaafetv hiaangx jiez daaih
Genesis_9_78_292880_295640|bun ninh duqv yiem sem nyei ndopv liuh
Genesis_9_79_295640_298600|yaac bun kaa naa an zoux yaafetv nyei nouh gauv
Genesis_9_80_298600_302360|mbiungc suiv imx yiemx liuz lungh ndiev
Genesis_9_81_302360_306480|noyaa corc ziangh duqv faam baeqv hmz ziepc hnyangx
Genesis_9_82_306480_311160|ninh nyei hnyangx jeiv ziangh duqv juov baeqv hmz ziepc hnyangx ziouc guei seix mi aqv
Genesis_10_60_199040_205240|kaa naa an yaac zoux camv fingx mienh nyei ong taaix ngaeqv
Genesis_10_61_205240_207560|maaih ye mbutc mienh
Genesis_10_62_207560_209080|aa mo lai mienh
Genesis_10_63_209080_212440|ge gaa si mienh
Genesis_10_64_212440_214160|hiwai mienh
Genesis_10_65_214160_216120|aankaa mienh
Genesis_10_66_216120_219120|sini mienh
Genesis_10_67_219120_220880|aanwatv mienh
Genesis_10_68_220880_225600|seme mienh caux haamatv mienh
Genesis_10_69_225600_229960|nqa haav kaa naa an nyei camv fingx mienh nzaanx mingh yiem
Genesis_10_70_229960_237320|ninh mbuo nyei gapv jaaix yiem sai ndorn yangh naamh bung taux ge laa aa
Genesis_10_71_237320_239480|nitv gaasaa wuov
Genesis_10_72_239480_243440|aengx mingh dong bung maengx taux so ndom
Genesis_10_73_243440_251240|go mo laa atc maa caux se mbo yim taux laasaa wuov
Genesis_10_74_251240_254800|naaiv deix yietc zungv se haam nyei zeiv fun
Genesis_10_75_254800_257480|ziux ninh mbuo nyei bungh buonc
Genesis_10_76_257480_259120|ziux ninh mbuo nyei waac
Genesis_10_77_259120_262840|ziux ninh mbuo nyei deic caux ninh mbuo nyei guoqv
Genesis_10_78_262840_265280|sem mienh
Genesis_10_79_265280_268320|sem se yaafetv nyei domh gorx
Genesis_10_80_268320_270840|yaac maaih dorn jueiv camv nyei
Genesis_10_81_270840_274880|ninh zoux e mbe nyei zeiv fun nyei ong taaix ngaeqv
Genesis_10_82_274880_278560|sem nyei dorn se elaam
Genesis_10_83_278560_280000|atc su
Genesis_10_84_280000_282240|aan faa satv
Genesis_10_85_282240_285240|lu nde caux aalam
Genesis_10_86_285240_286880|aalam nyei dorn se utc
Genesis_10_87_286880_288640|hun
Genesis_10_88_288640_291720|ge te caux matv
Genesis_10_89_291720_294960|aan faa satv zoux qelaa nyei die
Genesis_10_90_294960_298520|qelaa yaac zoux e mbe nyei die
Genesis_10_91_298520_302000|e mbe maaih i dauh dorn
Genesis_10_92_302000_304320|maaih dauh mbuox heuc belekv
Genesis_10_93_304320_309400|weic zuqc yiem ninh nyei seix zeiv mienh bun nqoi ndau beih yiem
Genesis_10_94_309400_312360|ninh nyei youz heuc yokv taan
Genesis_10_95_312360_316200|yokv taan nyei dorn se an mo ndatc
Genesis_10_96_316200_318480|qelepv
Genesis_10_97_318480_321200|haa saan maa wetv
Genesis_10_98_321200_322440|yelaa
Genesis_10_99_322440_323560|haa ndo lam
Genesis_10_100_323560_325600|usaan
Genesis_11_1_6000_12720|zinh ndaangc lungh ndiev mienh yietc zungv gorngv nduqc nyungc waac hnangv
Genesis_11_2_12720_15080|waac eix fih hnangv nzengc
Genesis_11_3_15080_18400|ninh mbuo suiv jienv mingh dong bung maengx
Genesis_11_4_18400_21960|taux sinaa deic bung
Genesis_11_5_21960_24720|maaih ndau baengh nyei dorngx
Genesis_11_6_24720_27840|ziouc dingh njiec yiem wuov aqv
Genesis_11_7_27840_30640|laanh gorngv mbuox laanh
Genesis_11_9_31200_34880|mbuo nanv nie zun buov ngaengc daaih
Genesis_11_10_34880_38040|ninh mbuo longc nie zun div la bieiv
Genesis_11_11_38040_45120|ndau ndiev nyouh haic nyei zung ninh mbuo longc div ba naih nie
Genesis_11_12_45120_45960|ninh mbuo aengx gorngv
Genesis_11_13_45960_47120|daaih maah
Genesis_11_14_47120_55000|mbuo ceix norm zingh yaac ceix norm fanh taapv hlang taux gu nguaaic lungh
Genesis_11_15_55000_60920|bun mbuo maaih mengh dauh yaac maiv zuqc bun nzaanx buangv lungh ndiev
Genesis_11_16_60920_67240|ziouv ziouc njiec daaih mangc baamh mienh ceix nyei zingh caux fanh taapv
Genesis_11_17_67240_68440|ziouv gorngv
Genesis_11_18_68440_73480|mangc gaax naaiv deix mienh se nduqc fingx mienh yaac gorngv nduqc nyungc waac hnangv
Genesis_11_19_73480_76520|koqv hoqc jiez gorn zoux
Genesis_11_20_76520_79040|ninh mbuo haih zoux duqv ndongc naaiv
Genesis_11_21_79040_84960|ninh mbuo jiez hnyouv zoux haaix nyungc ninh mbuo ziouc haih zoux duqv cuotv nyei
Genesis_11_22_84960_86240|daaih maah
Genesis_11_23_86240_92480|mbuo njiec mingh zoux lunc ninh mbuo nyei waac weic bun laanh maiv mengh baeqc laanh
Genesis_11_24_92480_96640|ziouv ziouc bun ninh mbuo nzaanx nzengc buangv lungh ndiev
Genesis_11_25_96640_100600|ninh mbuo ziouc guangc maiv ceix wuov norm zingh aqv
Genesis_11_60_211320_214600|ninh ziangh duqv nyic baeqv lengh siec hnyangx
Genesis_11_61_214600_216840|corc maaih dorn maaih sieqv nyei
Genesis_11_62_216840_222560|selukv duqv faah ziepc hnyangx ninh duqv dauh dorn mbuox heuc naa ho
Genesis_11_63_222560_229240|duqv liuz naa ho ninh ziangh duqv nyic baeqv hnyangx corc maaih dorn maaih sieqv nyei
Genesis_11_64_229240_232640|naa ho duqv nyic ziepc juov hnyangx
Genesis_11_65_232640_235320|ninh duqv dauh dorn mbuox heuc telaa
Genesis_11_66_235320_236840|duqv liuz telaa
Genesis_11_67_236840_239600|ninh ziangh duqv yietc baeqv ziepc juov hnyangx
Genesis_11_68_239600_241920|corc maaih dorn maaih sieqv nyei
Genesis_11_69_241920_248680|telaa duqv cietv ziepc hnyangx ninh duqv buo dauh dorn mbuox heuc apc laam
Genesis_11_70_248680_250920|naa ho caux haalaan
Genesis_12_20_59720_62320|cietv ziepc hmz hnyangx
Genesis_12_21_62320_67040|apc laam dorh jienv ninh nyei auv saalaai caux ninh nyei fun
Genesis_12_22_67040_69280|lotv
Genesis_12_23_69280_74360|liemh ninh yiem haalaan zornc daaih nyei nyungc nyungc ga naaiv
Genesis_12_24_74360_75840|caux duqv daaih nyei dauh dauh mienh
Genesis_12_25_75840_79240|cuotv jauv mingh kaa naa an deic bung
Genesis_12_26_79240_83360|ninh mbuo ziouc mingh taux kaa naa an mi aqv
Genesis_12_27_83360_86440|apc laam gan jienv deic bung jiex taux sekem zingh
Genesis_12_28_86440_90680|taux diuh domh mba ong zuei ndiangx
Genesis_12_29_90680_92360|mo le wuov
Genesis_12_30_92360_97520|wuov zanc kaa naa an mienh yiem jienv wuov norm deic bung nyei
Genesis_12_31_97520_101480|ziouv  hinc cuotv daaih gorngv mbuox apc laam
Genesis_12_32_101480_105920|naaiv norm deic bung yie oix jiu bun meih nyei fun faqv
Genesis_12_33_105920_114280|apc laam ziouc ceix norm ziec dorngh daaih ziec dongh hinc cuotv bun ninh buatc wuov dauh ziouv
Genesis_12_34_114280_120960|nqa haav apc laam aengx suiv mingh taux mbetc en zingh nyei dong bung maengx
Genesis_12_35_120960_122280|mbong aiv nyei dorngx
Genesis_12_36_122280_125600|corng ndopv liuh
Genesis_12_37_125600_131040|mbetc en zingh yiem ninh mbuo nyei fai bung
Genesis_12_38_131040_134640|ai zingh yiem ninh mbuo nyei dong bung
Genesis_12_39_134640_141640|yiem wuov ninh aengx ceix norm ziec dorngh daaih gorngv cuotv ziouv  nyei mbuox zaangc ziouv
Genesis_12_40_141640_146200|apc laam aengx cuotv jauv hungx jienv negepc mingh
Genesis_12_41_146200_148440|apc laam yiem i yipv deic bung
Genesis_12_42_148440_154360|kaa naa an deic bung buangh zuqc domh huaang domh ngorc
Genesis_12_43_154360_157200|mienh ngorc duqv kouv haic
Genesis_12_44_157200_161880|apc laam ziouc mingh yiem douc i yipv deic bung
Genesis_12_45_161880_165640|aav lamh deix bieqc i yipv deic bung wuov zanc
Genesis_12_46_165640_169240|apc laam gorngv mbuox ninh nyei auv saalaai
Genesis_12_47_169240_173440|yie hiuv duqv meih se nzueic haic nyei m sieqv dorn
Genesis_12_48_173440_175720|i yipv mienh buatc meih
Genesis_12_49_175720_177600|ninh mbuo ziouc gorngv
Genesis_12_50_177600_179520|naaiv se ninh nyei auv
Genesis_12_51_179520_182520|ziouc daix yie mv baac liouh meih
Genesis_12_52_182520_186440|meih oix zuqc mbuox ninh mbuo meih zoux yie nyei muoc
Genesis_12_53_186440_190520|ninh mbuo ziouc weic meih zoux longx bun yie yaac weic meih liouh yie nyei maengc
Genesis_12_54_190520_196560|apc laam bieqc i yipv deic bung wuov zanc
Genesis_12_55_196560_199920|i yipv mienh buatc ninh nyei auv za gengh nzueic haic
Genesis_13_1_7000_16480|apc laam dorh jienv ninh nyei auv caux ninh maaih nyei nyungc nyungc ga naaiv cuotv i yipv deic bung mingh taux negepc
Genesis_13_2_16480_20360|lotv yaac caux jienv ninh mingh
Genesis_13_3_20360_22800|apc laam butv zoih haic
Genesis_13_4_22800_24320|maaih saeng kuv
Genesis_13_5_24320_25520|maaih jiem
Genesis_13_6_25520_28000|maaih nyaanh camv haic
Genesis_13_7_28000_29160|ninh yiem negepc
Genesis_13_8_29160_33840|yietc kang suiv jiex yietc kang mingh taux mbetc en zingh
Genesis_13_9_33840_39600|aengx nzuonx taux mbetc en caux ai zingh mbu ndongx
Genesis_13_10_39600_45400|dongh zinh ndaangc corng ndopv liuh yaac ceix jiez ziec dorngh wuov norm dorngx
Genesis_13_11_45400_50720|apc laam aengx yiem wuov gorngv cuotv ziouv nyei mbuox zaangc ziouv
Genesis_13_12_50720_53080|lotv gan jienv apc laam mingh
Genesis_13_13_53080_61240|ninh yaac maaih ba gi yungh maaih yungh guanh maaih ngongh guanh maaih ninh ganh nyei hmuangv doic caux bou
Genesis_13_14_61240_65080|yiem wuov norm dorngx nyei ndau maiv jangv
Genesis_13_15_65080_67840|maiv gaux ninh mbuo i dauh yiem
Genesis_13_16_67840_70880|i dauh zungv maaih saeng kuv camv haic
Genesis_13_17_70880_73640|juangc jienv yiem maiv njiec
Genesis_13_18_73640_80760|apc laam nyei goux saeng kuv bou caux lotv nyei goux saeng kuv bou ziouc da hauv aqv
Genesis_13_19_80760_88120|wuov zanc kaa naa an mienh caux be litv si mienh corc yiem jienv wuov norm deic bung
Genesis_13_20_88120_90480|apc laam ziouc gorngv mbuox lotv
Genesis_13_21_90480_92440|mbuo maiv dungx da hauv
Genesis_13_22_92440_98960|mbuo nyei goux saeng kuv bou yaac maiv dungx da hauv weic zuqc mbuo se cien nyei
Genesis_13_23_98960_102480|ndau yietc zungv yiem meih wuov ndaangc maengx
Genesis_13_24_102480_105560|mbuo oix zuqc bun nqoi doic yiem
Genesis_13_25_105560_109240|se gorngv meih mingh zaaix bung
Genesis_13_26_109240_111760|yie ziouc mingh mbiaauc bung
Genesis_13_27_111760_115880|se gorngv meih mingh mbiaauc bung
Genesis_13_28_115880_119440|yie ziouc mingh zaaix bung
Genesis_13_29_119440_121400|lotv cau hmien samx mangc
Genesis_13_30_121400_125440|buatc jor ndaen horngc nyei ndau baengh
Genesis_13_31_125440_128000|cuotv so aa zingh wuov bung
Genesis_13_32_128000_134880|maaih wuom suiv longx hnangv ziouv nyei huingx yaac hnangv i yipv deic bung nor
Genesis_13_33_134880_139880|wuov zanc ziouv maiv gaengh mietc so ndom caux go mo laa zingh
Genesis_13_34_139880_146440|lotv ziouc ginv jor ndaen horngc nyei ndau baengh yietc zungv benx ninh nyei buonc
Genesis_13_35_146440_150520|ziouc cuotv jauv yangh dong bung mingh
Genesis_13_36_150520_153600|ninh mbuo i baeqv fun ziouc bun nqoi doic mi aqv
Genesis_13_37_153600_158000|apc laam corc yiem kaa naa an deic bung
Genesis_13_38_158000_159080|lotv aeqv
Genesis_13_39_159080_166280|yiem jor ndaen horngc nyei ndau baengh nyei zingh yaac corng ninh nyei ndopv liuh nitv so ndom
Genesis_13_40_166280_168360|so ndom mienh waaic haic
Genesis_13_41_168360_172280|baamz zuiz dorngc ziouv camv
Genesis_13_42_172280_174080|apc laam suiv mingh yiem he mbo lon
Genesis_13_43_174080_179600|lotv caux apc laam bun nqoi doic liuz
Genesis_13_44_179600_181160|ziouv mbuox apc laam
Genesis_13_45_181160_185560|cau hmien mangc gaax dong naamh fai baqv
Genesis_13_46_185560_189480|da faanh meih yiem naaiv mangc buatc nyei dorngx
Genesis_13_47_189480_193760|yie bun nzengc meih caux meih nyei zeiv fun yietc liuz yiem
Genesis_13_48_193760_199200|yie oix bun meih nyei zeiv fun hiaangx daaih hnangv nie mbung nor camv
Genesis_13_49_199200_201920|haaix dauh haih saauv duqv nzengc nie mbung
Genesis_13_50_201920_205560|cingx daaih haih saauv duqv nzengc meih nyei zeiv fun
Genesis_13_51_205560_206840|meih mingh aqv
Genesis_13_52_206840_212960|mingh youh zueih ndaauv zueih jangv mangc gormx nzengc naaiv norm deic bung
Genesis_13_53_212960_215880|weic zuqc yie oix jiu bun meih
Genesis_13_54_215880_218560|apc laam ziouc suiv ninh nyei ndopv liuh mingh
Genesis_13_55_218560_222160|corng jienv yiem he mbo lon horngc
Genesis_13_56_222160_226920|nitv mamle nyei domh mba ong zuei ndiangx lomc
Genesis_13_57_226920_230720|yiem wuov ninh aengx ceix norm ziec dorngh zaangc ziouv
Genesis_14_70_241280_244080|faam baeqv ziepc betv dauh
Genesis_14_71_244080_246480|zunc jienv mingh taux ndaan zingh
Genesis_14_72_246480_253120|taux wuov apc laam zorqv ninh ganh nyei mienh bun nqoi zoux yietc guanh yietc guanh nyei
Genesis_14_73_253120_260360|lungh muonz zanc mborqv wuov deix mienh aengx zunc jienv mingh taux ho mbaa zingh yiem ndaa matv gatc zingh nyei baqv bung maengx
Genesis_14_74_260360_264520|ninh mbuo zorqv yietc zungv caangv mingh nyei ga naaiv nzuonx
Genesis_14_75_264520_265480|liemh ninh nyei fun lotv
Genesis_14_76_265480_268680|caux lotv nyei nyungc nyungc ga naaiv
Genesis_14_77_268680_278960|aengx caux m sieqv dorn caux baeqc fingx yietc zungv dorh nzuonx nzengc daaih aqv
Genesis_14_78_278960_282800|men ki se ndekv buang waac apc laam
Genesis_14_79_282800_290000|apc laam mborqv hingh ke ndo laa o me hungh aengx caux ninh dongh hnyouv mborqv jaax wuov deix hungh
Genesis_14_80_290000_291120|ninh ziouc nzuonx
Genesis_14_81_291120_293680|taux saawe horngc
Genesis_14_82_293680_294920|aengx maaih mbuox heuc
Genesis_14_83_294920_296040|hungh horngc
Genesis_14_84_296040_298960|so ndom zingh nyei hungh cuotv daaih zipv
Genesis_14_85_298960_302480|aengx maaih saalem zingh nyei hungh
Genesis_14_86_302480_303800|men ki se ndekc
Genesis_14_87_303800_307920|dorh deix njuov caux a ngunc diuv bun apc laam
Genesis_14_88_307920_314160|men ki se ndekc zoux yiem hlang jiex nyei tin hungh nyei sai mienh
Genesis_14_89_314160_316720|ninh yaac buang waac bun apc laam
Genesis_14_90_316720_319320|tov yiem hlang jiex nyei tin hungh
Genesis_14_91_319320_321440|zeix lungh zeix ndau wuov dauh
Genesis_14_92_321440_325400|ceix fuqv bun apc laam
Genesis_14_93_325400_327840|ceng yiem hlang jiex nyei tin hungh
Genesis_14_94_327840_333680|weic zuqc ninh bun meih nyei win wangv zuqc yiem meih nyei buoz ndiev
Genesis_14_95_333680_338840|apc laam ziouc zorqv ninh duqv nzuonx daaih nyei yietc zungv ga naaiv
Genesis_14_96_338840_341080|ziepc gouv nyei yietc gouv bun men ki se ndekc
Genesis_14_97_341080_345000|so ndom zingh nyei hungh gorngv mbuox apc laam
Genesis_14_98_345000_348480|tuix mienh nzuonx bun yie
Genesis_14_99_348480_350360|ga naaiv meih ganh longc aqv
Genesis_14_100_350360_354800|apc laam dau so ndom zingh nyei hungh
Genesis_14_101_354800_357280|yie sung jienv buoz dorng jienv ziouv
Genesis_14_102_357280_358600|dongh yiem hlang jiex
Genesis_14_103_358600_361360|zeix lungh zeix ndau nyei tin hungh
Genesis_14_104_361360_364400|laengz jiex ngaengc waac
Genesis_14_105_364400_369720|yie laengz da faanh meih nyei haaix nyungc ga naaiv yie maiv longc yietc deix
Genesis_14_106_369720_375720|liemh yietc diuh suix fai yietc diuh heh hlaang yie zungv maiv longc weic bun meih nqa haav hingv maiv duqv gorngv
Genesis_14_107_375720_378240|yie ceix apc laam butv zoih
Genesis_14_108_378240_385040|yie ganh maiv longc yietc nyungc cuotv liuz yie nyei mienh nyanc liuz hopv liuz nyei
Genesis_14_109_385040_387560|maaih gan yie mingh nyei mienh
Genesis_14_110_387560_388600|aa ne
Genesis_14_111_388600_390280|etc ko caux mamle
Genesis_14_112_390280_395600|oix zuqc bun ninh mbuo duqv ninh mbuo nyei buonc hnangv
Genesis_15_30_100200_104840|dongh dorh meih cuotv ken ndie deic bung nyei u aa zingh
Genesis_15_31_104840_108880|weic zorqv naaiv norm deic bung jiu bun meih nzipc
Genesis_15_32_108880_111000|apc laam aengx naaic
Genesis_15_33_111000_112720|ziouv tin hungh  aah
Genesis_15_34_112720_120280|yie hnangv haaix nor haih hiuv duqv dingc yie duqv nzipc naaiv norm deic bung
Genesis_15_36_120760_123480|oix zuqc dorh dauh buo hnyangx nyei yangh ngongh nyeiz
Genesis_15_37_123480_129160|caux dauh buo hnyangx nyei yungh nyeiz
Genesis_15_38_129160_131400|caux dauh buo hnyangx nyei ba gi yungh gouv
Genesis_15_39_131400_133360|caux norm norqc nqo
Genesis_15_40_133360_139440|caux norm baeqc gopv lunx nyei daaih bun yie
Genesis_15_41_139440_144200|apc laam ziouc zorqv naaiv deix saeng kuv daaih bun tin hungh
Genesis_15_42_144200_147840|dauh dauh piqv zoux i maengx
Genesis_15_43_147840_151440|yietc maengx an yietc bung doix ziangx nyei
Genesis_15_44_151440_154240|norqc aeqv maiv piqv
Genesis_15_45_154240_161160|domh jaangv ngongh njiec daaih nzopc jienv wuov deix orv mv baac apc laam haeqv biaux mi aqv
Genesis_15_46_161160_164520|zoux gau mba hnoi aav lamh muotv wuov zanc
Genesis_15_47_164520_167600|apc laam bueix m njormh ndo nyei
Genesis_15_48_167600_170920|ninh liemh zeih haiz hnyouv huaang
Genesis_15_49_170920_173040|gamh nziex haic
Genesis_15_50_173040_176360|ziouv gorngv mbuox ninh
Genesis_15_51_176360_184200|meih oix zuqc hiuv duqv meih nyei fun faqv zungv zuqc cuotv mingh yiem ganh norm guoqv
Genesis_15_52_184200_188040|wuov norm guoqv nyei mienh oix hoic ninh mbuo zoux nouh
Genesis_15_53_188040_190600|zeix ninh mbuo feix baeqv hnyangx
Genesis_15_54_190600_196800|mv baac yie oix dingc hoic ninh mbuo zoux nouh wuov norm guoqv nyei mienh nyei zuiz
Genesis_15_55_196800_200840|zuov meih nyei fun faqv cuotv wuov norm guoqv nyei ziangh hoc
Genesis_15_56_200840_205880|ninh mbuo zungv oix dorh zinh zoih camv nyei cuotv
Genesis_15_57_205880_209520|meih ganh aeqv oix ziangh duqv siouc nyuonh ndaauv
Genesis_15_58_209520_212040|baengh orn nyei guei seix
Genesis_15_59_212040_213400|zangx jienv
Genesis_15_60_213400_215560|jiex liuz biei doic mienh
Genesis_15_61_215560_219280|meih nyei fun faqv cingx duqv nzuonx naaiv yiem
Genesis_15_62_219280_225320|weic zuqc aa mo lai mienh nyei zuiz maiv gaengh buangv soux mouc
Genesis_15_63_225320_227160|mba hnoi muotv
Genesis_15_64_227160_229920|lungh hmuangx nzengc mi aqv
Genesis_15_65_229920_239520|maaih norm douz louh cuotv douz sioux caux guaax douz baav cuotv daaih gan jienv wuov deix i bung orv mbu ndongx jiex
Genesis_15_66_239520_242800|dongh wuov hnoi tin hungh caux apc laam liepc ngaengc waac
Genesis_15_67_242800_245760|tin hungh gorngv
Genesis_15_68_245760_250440|naaiv norm deic bung yie laengz bun meih nyei zeiv fun
Genesis_15_69_250440_255920|yiem i yipv ndaaih mingh taux yu fe ditc wuov diuh domh ndaaih
Genesis_15_70_255920_257600|yie jiu bun ninh mbuo nzengc
Genesis_15_71_257600_264480|liemh naaiv deix camv fingx mienh nyei deic bung yie jiu bun ninh mbuo nzengc
Genesis_15_72_264480_265680|se kenai mienh
Genesis_15_73_265680_267320|kenatv mienh
Genesis_15_74_267320_270080|katc mo nai mienh
Genesis_15_75_270080_271120|hitv tai mienh
Genesis_15_76_271120_274080|be litv si mienh
Genesis_15_77_274080_276440|le faa im mienh
Genesis_15_78_276440_277640|aa mo lai mienh
Genesis_15_79_277640_281040|kaa naa an mienh
Genesis_15_80_281040_282560|ge gaa si mienh
Genesis_15_81_282560_286160|caux ye mbutc mienh nyei deic bung
Genesis_16_50_169840_174360|weic zuqc ziouv haiz liuz meih nyei kouv naanc aqv
Genesis_16_51_174360_178360|meih nyei dorn oix hnangv dauh hieh lorh nor
Genesis_16_52_178360_181120|ninh nyei buoz oix mborqv zuangx mienh
Genesis_16_53_181120_183160|zuangx mienh yaac oix mborqv ninh
Genesis_16_54_183160_189200|caux ninh nyei yietc zungv muoz doic yaac maiv haih horpc
Genesis_16_55_189200_192040|haagaa ziouc cuotv mbuox bun ziouv
Genesis_16_56_192040_196160|dongh caux ninh gorngv waac wuov dauh ninh gorngv
Genesis_16_57_196160_199040|meih se mangc duqv buatc yie wuov dauh tin hungh
Genesis_16_58_199040_201120|aengx gorngv
Genesis_16_59_201120_207840|yie yiem naaiv buatc liuz mangc duqv buatc yie wuov dauh mv baac corc maaih maengc ziangh nyei
Genesis_16_60_207840_214120|hnangv naaiv nor yiem kaa ndetc caux mbeletv mbu ndongx wuov norm wuom kuotv
Genesis_16_61_214120_216800|mienh cuotv mbuox heuc mbe e laa hai loi
Genesis_16_62_216800_221400|nqa haav haagaa yungz duqv dauh dorn bun apc laam
Genesis_16_63_221400_228360|apc laam ziouc tengx ninh nyei dorn cuotv mbuox heuc i saa maa en
Genesis_16_64_228360_237720|haagaa yungz i saa maa en bun apc laam wuov zanc apc laam nyei hnyangx jeiv duqv betv ziepc luoqc hnyangx
Genesis_17_10_35200_38520|naaiv se yie caux meih liepc nyei ngaengc waac
Genesis_17_11_38520_42600|meih ziouc zoux camv fingx mienh nyei ong taaix ngaeqv
Genesis_17_12_42600_46640|yangh naaiv jiex meih nyei mbuox maiv heuc apc laam aqv
Genesis_17_13_46640_51280|meih nyei mbuox oix zuqc heuc apc laa ham
Genesis_17_14_51280_57520|weic zuqc yie bun meih zoux camv fingx mienh nyei ong taaix ngaeqv
Genesis_17_15_57520_61720|yie oix bun meih nyei zeiv fun hiaangx camv daaih
Genesis_17_16_61720_64080|zungv benx ziex fingx mienh
Genesis_17_17_64080_68160|yaac maaih camv dauh hungh yiem meih cuotv daaih
Genesis_17_18_68160_75200|yie caux meih aengx caux meih doic jiex doic nyei zeiv fun liepc jiez ngaengc waac
Genesis_17_19_75200_77720|benx yietc liuz nyei ngaengc waac
Genesis_17_20_77720_84760|se yie laengz zoux meih nyei tin hungh yaac zoux meih nyei hoz doic zeiv fun nyei tin hungh
Genesis_17_21_84760_89520|dongh meih ih zanc yiem jienv benx ganh fingx mienh naaiv norm deic bung
Genesis_17_22_89520_93320|se kaa naa an nyei yietc zungv deic bung
Genesis_17_23_93320_95320|yie oix jiu bun meih
Genesis_17_24_95320_98840|bun meih caux meih nyei zeiv fun yietc liuz duqv nzipc
Genesis_17_25_98840_100920|yie yaac oix zoux ninh mbuo nyei tin hungh
Genesis_17_26_100920_104640|tin hungh gorngv mbuox apc laa ham
Genesis_17_27_104640_115360|meih ganh aengx caux meih nyei hoz doic zeiv fun oix zuqc doic jiex doic ei jienv yie nyei ngaengc waac
Genesis_17_28_115360_122480|naaiv se yie caux meih aengx caux meih nyei hoz doic zeiv fun liepc nyei ngaengc waac
Genesis_17_29_122480_126320|dongh meih mbuo oix zuqc ei jienv nyei ngaengc waac
Genesis_17_30_126320_131480|yiem meih mbuo gu nyuoz nyei dauh dauh m jangc dorn oix zuqc jiex gaatv nyei leiz
Genesis_17_31_131480_138160|meih oix zuqc jiex gaatv nyei leiz weic zoux yie caux meih liepc ngaengc waac nyei jangx hoc
Genesis_17_32_138160_141480|meih doic jiex doic nyei m jangc dorn
Genesis_17_33_141480_150120|da faanh gu nguaaz dorn cuotv seix daaih duqv hietc hnoi wuov hnoi oix zuqc jiex gaatv nyei leiz
Genesis_17_34_150120_158240|liemh yiem meih nyei biauv zong cuotv seix nyei caux longc nyaanh tengx ganh fingx maaiz daaih nyei mienh
Genesis_17_35_158240_162520|se maiv zeiz meih mbuo ganh nyei cien zeiv fun
Genesis_17_36_162520_165320|oix zuqc jiex gaatv nyei leiz
Genesis_17_37_165320_170880|maiv gunv yiem meih nyei biauv zong cuotv seix fai longc meih nyei nyaanh maaiz daaih
Genesis_17_38_170880_174400|dauh dauh zungv oix zuqc jiex gaatv nyei leiz
Genesis_17_39_174400_184400|hnangv naaiv se yiem meih mbuo nyei sin zoux jangx hoc bun cing yie caux meih mbuo liepc jiez yietc liuz nyei ngaengc waac
Genesis_17_40_184400_190920|haaix dauh m jangc dorn maiv jiex gaatv nyei leiz ziouc yiem ninh nyei mienh mbu ndongx zuqc pai guangc
Genesis_17_60_257880_264320|se caux ninh nyei hoz doic zeiv fun liepc yietc liuz nyei ngaengc waac
Genesis_17_61_264320_268200|mv baac yie haiz meih tengx i saa maa en tov
Genesis_17_62_268200_274240|yie ziouc ceix fuqv bun ninh yaac bun ninh maaih zeiv fun hiaangx daaih camv
Genesis_17_63_274240_279400|ninh oix zoux ziepc nyeic dauh bieiv zeiv nyei die
Genesis_17_64_279400_283200|yie yaac oix bun ninh nyei zeiv fun benx yietc guoqv hlo nyei
Genesis_17_65_283200_287080|mv baac yie liepc nyei ngaengc waac
Genesis_17_66_287080_288920|yie oix caux i sakc liepc
Genesis_17_67_288920_294120|dongh saalaa taux da nyeic hnyangx naaiv norm ziangh hoc oix yungz wuov dauh
Genesis_17_68_294120_297840|tin hungh caux apc laa ham gorngv liuz naaiv deix waac
Genesis_17_69_297840_301520|tin hungh ziouc leih nqoi ninh mi aqv
Genesis_17_70_301520_306000|dongh wuov hnoi apc laa ham ei jienv tin hungh nyei waac zoux
Genesis_17_71_306000_307880|ninh tengx ninh nyei dorn
Genesis_17_72_307880_312160|i saa maa en caux yiem ninh nyei biauv zong dauh dauh m jangc dorn
Genesis_17_73_312160_320160|maiv gunv yiem ninh nyei biauv cuotv seix fai longc nyaanh tengx ganh fingx maaiz nyei
Genesis_17_74_320160_323360|yietc zungv m jangc dorn jiex gaatv nyei leiz nzengc aqv
Genesis_17_75_323360_329600|jiex gaatv nyei leiz wuov zanc apc laa ham duqv juov ziepc juov hnyangx
Genesis_17_76_329600_332560|ninh nyei dorn i saa maa en duqv ziepc faam hnyangx
Genesis_17_77_332560_337640|dongh wuov hnoi apc laa ham caux ninh nyei dorn
Genesis_17_78_337640_339840|i saa maa en jiex gaatv nyei leiz
Genesis_17_79_339840_345400|ninh nyei biauv zong yietc zungv m jangc dorn se yiem ninh nyei biauv cuotv seix fai
Genesis_17_80_345400_348840|longc nyaanh tengx ganh fingx maaiz daaih nyei mienh
Genesis_17_81_348840_353680|caux apc laa ham mbuo yietc njiec jiex gaatv nyei leiz
Genesis_18_1_7000_17000|apc laa ham yiem mamle nyei domh mba ong zuei ndiangx lomc zueiz jienv ndopv liuh gaengh ndaangc lungh hnoi zanc gauh yuoqv jiex nyei ziangh hoc
Genesis_18_2_17000_19720|ziouv  hinc cuotv bun ninh buatc
Genesis_18_3_19720_25000|apc laa ham cau hmien buatc buo dauh m jangc dorn souv jienv wuov
Genesis_18_4_25000_26280|ninh yietv buatc
Genesis_18_5_26280_31160|ziouc yiem ndopv liuh tiux mingh zipv yaac puoqv njiec ndau
Genesis_18_6_31160_32400|ninh gorngv
Genesis_18_7_32400_34040|yie nyei ziouv aac
Genesis_18_8_34040_37960|se gorngv ziux meih buatc yie horpc meih nyei hnyouv nor
Genesis_18_9_37960_40880|maiv dungx baeng zaqc nyei jiex yie
Genesis_18_10_40880_42160|meih nyei bou
Genesis_18_11_42160_44120|nyei gaengh ndaangc
Genesis_18_12_44120_48720|yie ziouc dorh deix wuom daaih bun meih mbuo nzaaux zaux
Genesis_18_13_48720_52680|aengx yiem naaiv ndiangx gorn hitv dangh kuonx
Genesis_18_14_52680_56720|yie mingh lorz deix baav ga naaiv bun meih mbuo nyanc
Genesis_18_15_56720_60640|tengx meih mbuo maaih deix qaqv aengx yangh jauv mingh
Genesis_18_16_60640_65280|meih mbuo taux meih mbuo nyei bou naaiv daaih aqv
Genesis_18_17_65280_66760|ninh mbuo dau
Genesis_18_18_66760_67960|longx aqv
Genesis_18_19_67960_71640|gunv ziux meih nyei waac zoux
Genesis_18_20_71640_75960|apc laa ham gaanv jienv bieqc ndopv liuh mbuox saalaa
Genesis_18_21_75960_81200|gaanv siepv deix zorqv yietc tongv mbuonv muonc caix daaih zoux njuov
Genesis_18_22_81200_82480|gorngv liuz
Genesis_18_23_82480_87560|apc laa ham tiux mingh ngongh guanh wuov zorqv dauh ngongh dorn lunx nyei
Genesis_18_24_87560_90200|junc nyei
Genesis_18_26_90480_94040|bou ziouc gaanv liuc leiz
Genesis_18_27_94040_104680|apc laa ham zorqv deix ngongh nyorx hmei caux ngongh nyorx aengx caux liuc leiz ziangx nyei ngongh orv mbenc ninh mbuo buo dauh
Genesis_18_28_104680_112320|nyanc wuov zanc ninh ganh aeqv souv jienv ndiangx ga ndiev ninh mbuo nyei ga hlen
Genesis_18_29_112320_114760|wuov deix mienh naaic apc laa ham
Genesis_18_30_114760_116720|meih nyei auv saalaa yiem haaix
Genesis_18_31_116720_119720|apc laa ham dau
Genesis_18_33_120200_122440|ndopv liuh gu nyuoz
Genesis_18_34_122440_125400|wuov deix buo dauh mienh maaih dauh gorngv
Genesis_18_35_125400_129480|da nyeic hnyangx taux naaiv norm ziangh hoc yie zungv aengx nzuonx taux naaiv
Genesis_18_36_129480_134640|taux wuov zanc meih nyei auv saalaa ziouc duqv dauh dorn daaih aqv
Genesis_18_37_134640_139760|saalaa yiem ninh mbuo nqa haav nqaang ndopv liuh gaengh ndaangc muangx
Genesis_18_38_139760_143120|apc laa ham mbuo i hmuangv zungv gox haic
Genesis_18_39_143120_145760|saalaa nyei sin yaac nqaai mi aqv
Genesis_18_40_145760_149760|saalaa yiem hnyouv yietc binc jatv yietc binc hnamv
Genesis_18_70_250160_257160|maaih gox so ndom caux go mo laa zingh nyei waac taux yie nyei m normh camv haic aqv
Genesis_18_71_257160_259880|ninh mbuo nyei zuiz hniev haic
Genesis_18_72_259880_266680|yie oix zuqc njiec mingh mangc gaax ninh mbuo zoux nyei sic ndongc yie haiz gox yie wuov deix waac fai
Genesis_18_73_266680_271960|se gorngv maiv zeiz nor yie ziouc hiuv aqv
Genesis_18_74_271960_277360|wuov deix i dauh mienh leih nqoi wuov norm dorngx hungx jienv so ndom zingh mingh mi aqv
Genesis_18_75_277360_283480|mv baac apc laa ham corc yiem wuov souv jienv ziouv nyei nza hmien
Genesis_18_76_283480_287200|apc laa ham ziouc mingh fatv nyei naaic ziouv
Genesis_18_77_287200_290000|meih mietc orqv mienh
Genesis_18_78_290000_294560|meih oix liemh kuv mienh caux jienv yietc njiec mietc fai
Genesis_18_79_294560_299000|se gorngv wuov norm zingh maaih hmz ziepc dauh kuv mienh ni
Genesis_18_80_299000_301320|meih corc oix mietc
Genesis_18_81_301320_305520|maiv weic wuov deix hmz ziepc dauh mienh liouh wuov norm zingh
Genesis_18_82_305520_311600|ziouv  za gengh maiv haih zorqv kuv mienh caux orqv mienh yietc njiec daix guangc saah
Genesis_18_83_311600_316800|meih gengh maiv haih zoux bun kuv mienh caux orqv mienh fih hnangv nyei
Genesis_18_84_316800_322120|siemv lungh ndiev nyei jien oix zoux baengh fim nyei maiv zeiz
Genesis_18_85_322120_323920|ziouv gorngv
Genesis_18_86_323920_332600|se gorngv yie buatc hmz ziepc dauh kuv mienh yie ziouc weic naaiv deix hmz ziepc dauh siex cuotv naaiv norm zingh
Genesis_18_87_332600_335920|apc laa ham aengx gorngv
Genesis_18_88_335920_343120|yie hnangv naaiv nor bungx laangc caux ziouv gorngv maiv gunv yie se kungx benx nie mbung caux saaiv hnangv
Genesis_18_89_343120_349160|se gorngv maiv gaux hmz ziepc dauh kuv mienh caa biaa dauh hnangv ni
Genesis_18_90_349160_354960|laaix zoqc naaiv deix biaa dauh kuv mienh meih corc mietc naaiv norm zingh nyei
Genesis_18_91_354960_356680|ziouv  gorngv
Genesis_18_92_356680_362080|se gorngv yiem naaic buatc maaih feix ziepc hmz dauh kuv mienh
Genesis_18_93_362080_365120|yie maiv mietc naaiv norm zingh aqv lorqc
Genesis_18_94_365120_370440|apc laa ham aengx gorngv nzunc se gorngv yiem wuov kungx maaih feix ziepc dauh ni
Genesis_18_95_370440_372080|hnangv haaix nor
Genesis_18_97_372520_376360|weic naaiv deix feix ziepc dauh yie yaac maiv mietc
Genesis_18_98_376360_378160|apc laa ham gorngv
Genesis_18_99_378160_381120|ziouv aah maiv dungx gaengh qiex jiez oc
Genesis_18_100_381120_383320|tov bun yie gorngv
Genesis_18_101_383320_387160|se gorngv yiem wuov kungx maaih faah ziepc dauh hnangv haaix nor
Genesis_18_102_387160_389480|ziouv aengx dau
Genesis_18_103_389480_394840|se gorngv yiem wuov yie buatc maaih faah ziepc dauh yie yaac maiv mietc
Genesis_18_104_394840_396040|apc laa ham gorngv
Genesis_18_105_396040_400600|yie ndongc naaiv bungx laangc caux ziouv gorngv
Genesis_18_106_400600_404600|se gorngv yiem naaic kungx maaih nyic ziepc dauh hnangv ni
Genesis_18_107_404600_405280|ziouv gorngv
Genesis_18_108_405280_411200|weic naaiv deix nyic ziepc dauh yie yaac maiv mietc wuov norm zingh aqv
Genesis_18_109_411200_412720|apc laa ham gorngv
Genesis_18_110_412720_413360|ziouv aah
Genesis_18_111_413360_415120|tov maiv dungx qiex jiez
Genesis_18_112_415120_417360|bun yie aengx gorngv nduqc nzunc hnangv
Genesis_18_113_417360_420720|se gorngv yiem wuov buatc maaih ziepc dauh hnangv ni
Genesis_18_114_420720_421960|ziouv dau
Genesis_18_115_421960_425760|weic naaiv deix ziepc dauh yie yaac maiv mietc
Genesis_18_116_425760_429240|ziouv caux apc laa ham gorngv liuz waac
Genesis_18_117_429240_430960|ziouc mingh mi aqv
Genesis_18_118_430960_434560|apc laa ham yaac nzuonx mi aqv
Genesis_19_130_500240_505280|mo apc zoux ih jaax hnoi mo apc mienh nyei ong taaix ngaeqv
Genesis_19_131_505280_508840|sieqv faix yaac yungz duqv dauh dorn
Genesis_19_132_508840_512000|tengx cuotv mbuox heuc mben am mi
Genesis_19_133_512000_517880|mben am mi se zoux ih jaax hnoi ammon mienh nyei ong taaix ngaeqv
Genesis_20_65_226040_229080|apc laa ham ziouc tengx aa mbi me lekv daux gaux
Genesis_20_66_229080_234080|tin hungh ziouc zorc longx aa mbi me lekv caux ninh nyei auv
Genesis_20_67_234080_237160|liemh ninh nyei yietc zungv nouh beiz
Genesis_20_68_237160_240280|bun ninh mbuo aengx haih maaih gu nguaaz
Genesis_20_69_240280_243240|weic zuqc laaix apc laa ham nyei auv
Genesis_20_70_243240_244560|saalaa nyei sic
Genesis_20_71_244560_252720|tin hungh zoux bun aa mbi me lekv hungh nyei biauv zong m sieqv dorn yietc zungv maiv haih maaih gu nguaaz
Genesis_21_1_5000_11720|ziouv ziux ninh gorngv nyei waac korv lienh saalaa yaac ei ninh laengz nyei waac zoux
Genesis_21_2_11720_15360|apc laa ham hnyangx jeiv gox wuov zanc
Genesis_21_3_15360_18360|saalaa maaih gu nguaaz
Genesis_21_4_18360_25000|yungz duqv dauh dorn bun apc laa ham doix nzengc tin hungh laengz nyei ziangh hoc
Genesis_21_5_25000_28240|saalaa yungz bun ninh wuov dauh dorn
Genesis_21_6_28240_31600|apc laa ham cuotv mbuox heuc i sakc
Genesis_21_7_31600_36600|yiem i sakc cuotv seix taux da betv hnoi wuov hnoi
Genesis_21_8_36600_42160|apc laa ham ei tin hungh hatc nyei waac tengx i sakc jiex gaatv nyei leiz
Genesis_21_9_42160_44560|ninh nyei dorn i sakc
Genesis_21_10_44560_49360|cuotv seix wuov zanc apc laa ham duqv yietc baeqv hnyangx
Genesis_21_11_49360_50400|saalaa gorngv
Genesis_21_12_50400_53680|tin hungh bun yie kuh jatv
Genesis_21_13_53680_56600|haaix dauh haiz yaac oix kuh jatv
Genesis_21_14_56600_57880|ninh aengx gorngv
Genesis_21_15_57880_61560|haaix dauh gaamv gorngv mbuox apc laa ham
Genesis_21_16_61560_64680|saalaa haih maaih gu nguaaz hopv nyorx
Genesis_21_17_64680_67280|apc laa ham gox haic aqv
Genesis_21_18_67280_70880|mv baac yie yungz duqv dauh dorn bun ninh mi aqv
Genesis_21_19_70880_76080|haa gaa caux i saa maa en zuqc zunc biaux
Genesis_21_20_76080_77880|wuov dauh dorn hlo deix aqv
Genesis_21_21_77880_86760|taux guangc nyorx nyei hnoi apc laa ham mbenc nyanc mbenc hopv hlo nyei houc ninh nyei dorn guangc nyorx
Genesis_21_22_86760_90520|mv baac saalaa buatc i yipv mienh
Genesis_21_23_90520_94840|haagaa yungz bun apc laa ham wuov dauh dorn
Genesis_21_24_94840_96440|i saa maa en
Genesis_21_25_96440_98200|jatv i sakc
Genesis_21_26_98200_101280|saalaa ziouc gorngv mbuox apc laa ham
Genesis_21_27_101280_105080|zunc naaiv dauh nouh beiz mbuo i dorn maac cuotv maah
Genesis_21_28_105080_109880|weic zuqc naaiv dauh nouh beiz nyei dorn maiv haih caux yie nyei dorn i sakc
Genesis_21_29_109880_112600|juangc jaa dingh nzipc
Genesis_21_30_112600_115640|apc laa ham weic ninh nyei dorn nzauh haic
Genesis_21_31_115640_118200|mv baac tin hungh gorngv mbuox ninh
Genesis_21_32_118200_122000|meih maiv dungx laaix naaiv dauh dorn caux naaiv dauh nouh beiz nzauh oc
Genesis_21_33_122000_124760|saalaa oix meih hnangv haaix nor zoux
Genesis_21_34_124760_126680|gunv ei jienv zoux aqv
Genesis_21_35_126680_131320|weic zuqc meih nyei hoz doic zeiv fun oix yiem i sakc daaih
Genesis_21_36_131320_135720|nouh beiz nyei dorn yie yaac oix bun ninh benx yietc fingx
Genesis_21_37_135720_137960|weic zuqc ninh benx meih nyei cien dorn
Genesis_21_38_137960_142640|da nyeic ndorm nziouv nyei
Genesis_21_39_142640_145040|apc laa ham jiez sin daaih
Genesis_21_40_145040_150040|zorqv deix njuov caux yietc ndopv mbuoqc wuom bun haagaa buix jienv
Genesis_21_41_150040_154240|ziouc bun ninh dorh jienv wuov dauh dorn cuotv biauv mingh mi aqv
Genesis_21_42_154240_160520|haagaa ziouc leih wuov norm dorngx mingh taux mbe e qe mbaa deic bung huaang
Genesis_21_43_160520_162760|jiex naaiv jiex wuov nyei
Genesis_21_44_162760_166080|mingh gau ndopv mbuoqc nyei wuom nzengc mi aqv
Genesis_21_45_166080_171880|haagaa ziouc bun ninh nyei dorn bueix jienv ndiangx dorn fomv ga ndiev
Genesis_21_46_171880_173200|ninh ganh aeqv
Genesis_21_47_173200_179640|mingh lorz dorngx zueiz jienv leih ninh nyei dorn ndongc buonv yietc nzitv forng nyei dorngx
Genesis_21_48_179640_181240|weic zuqc ninh gorngv
Genesis_21_49_181240_184400|yie maiv oix mangc jienv yie nyei dorn daic
Genesis_21_50_184400_185840|ninh ziouc yiem wuov nyiemv
Genesis_21_51_185840_188520|tin hungh haiz naaiv dauh dorn nyiemv
Genesis_21_52_188520_191560|tin hungh nyei fin mienh yiem gu nguaaic lungh heuc
Genesis_21_53_191560_193080|haagaa aac
Genesis_21_54_193080_196000|meih weic haaix diuc ndongc naaic nzauh
Genesis_21_55_196000_197880|maiv dungx gamh nziex oc
Genesis_21_56_197880_200240|naaiv dauh dorn bueix jienv wuov ndau nyiemv
Genesis_21_57_200240_201800|tin hungh haiz mi aqv
Genesis_21_58_201800_207800|jiez sin mingh hlorpv ninh daaih nanv jienv buoz
Genesis_21_59_207800_211360|weic zuqc yie oix bun ninh benx yietc guoqv hlo nyei
Genesis_21_60_211360_217360|gorngv liuz tin hungh bun haagaa buatc norm wuom kuotv
Genesis_21_61_217360_221640|haagaa ziouc mingh zaangh wuom buangv ndopv mbuoqc bun ninh nyei dorn hopv
Genesis_21_62_221640_230760|tin hungh caux wuov dauh dorn yiem ninh hlo daaih yiem deic bung huaang aengx benx dauh buonv orv henv nyei mienh
Genesis_21_63_230760_233400|ninh yiem baalaan deic bung huaang
Genesis_21_64_233400_239240|ninh nyei maa mingh gorngv dauh i yipv sieqv bun ninh longc zoux auv
Genesis_21_65_239240_243560|apc laa ham caux aa mbi me lekv liepc ngaengc waac
Genesis_21_66_243560_248080|dongh wuov zanc aa mbi me lekv hungh caux jienv ninh nyei domh baeng bieiv
Genesis_21_67_248080_249360|fiko
Genesis_21_68_249360_252120|gorngv mbuox apc laa ham
Genesis_21_69_252120_255360|maiv gunv meih zoux haaix nyungc tin hungh caux meih yiem
Genesis_21_70_255360_256600|meih oix zuqc yiem naaiv
Genesis_21_71_256600_261840|ziangv jienv tin hungh laengz meih maiv zoux haaix nyungc dorngc yie fai yie nyei dorn jueiv fun faqv
Genesis_21_72_261840_266160|yie hnangv haaix nor zoux longx bun meih
Genesis_21_73_266160_274600|meih yaac oix zuqc hnangv wuov nor zoux longx bun yie caux meih ih zanc yiem jienv naaiv nyei deic bung
Genesis_21_74_274600_276200|apc laa ham gorngv
Genesis_21_75_276200_278000|yie ziangv jienv tin hungh laengz aqv
Genesis_21_76_278000_286400|apc laa ham yaac guaix aa mbi me lekv nyei bou mbuo nzaeng wuov norm wuom kuotv bun aa mbi me lekv muangx
Genesis_21_77_286400_288000|aa mbi me lekv gorngv
Genesis_21_78_288000_290480|yie maiv hiuv duqv haaix dauh hnangv naaiv nor zoux
Genesis_21_79_290480_292680|meih liemh maiv mbuox yie
Genesis_21_80_292680_295880|ih zanc cingx daaih haiz meih gorngv
Genesis_21_81_295880_300200|apc laa ham ziouc dorh ngongh caux ba gi yungh daaih bun aa mbi me lekv
Genesis_21_82_300200_304760|ninh mbuo i dauh yaac liepc jiez ngaengc waac
Genesis_21_83_304760_312120|apc laa ham yiem ninh nyei ba gi yungh guanh ginv cuotv siec dauh ba gi yungh zeic dorn bun nqoi dorngx yiem
Genesis_21_84_312120_315240|aa mbi me lekv naaic gaax ninh
Genesis_21_85_315240_322400|meih ginv cuotv naaiv deix siec dauh ba gi yungh zeic dorn ganh ca lengc an maaih haaix nyungc eix leiz
Genesis_21_86_322400_324040|apc laa ham dau
Genesis_21_87_324040_332160|yie tov meih longc naaiv deix siec dauh ba gi yungh zeic dorn weic zoux zorng zengx bun cing se dongh yie wetv naaiv norm wuom kuotv
Genesis_21_88_332160_338600|wuov norm dorngx ninh mbuo ziouc cuotv mbuox heuc mbe e qe mbaa
Genesis_21_89_338600_343800|weic zuqc ninh mbuo i dauh yiem wuov lomh nzoih liepc jiez ngaengc waac
Genesis_21_90_343800_347160|yiem mbe e qe mbaa liepc liuz ngaengc waac
Genesis_21_91_347160_349320|aa mbi me lekv caux ninh nyei domh baeng bieiv
Genesis_21_92_349320_350160|fiko
Genesis_21_93_350160_353840|nzuonx fi li saa die deic bung
Genesis_21_94_353840_359640|apc laa ham yiem wuov mbe e qe mbaa zuangx zungh linh liouz ndiangx
Genesis_21_95_359640_363680|aengx yiem wuov gorngv cuotv ziouv nyei mbuox zaangc ziouv
Genesis_21_96_363680_366000|dongh yietc liuz yiem nyei tin hungh
Genesis_21_97_366000_371120|apc laa ham corc yiem wuov fi li saa die deic bung lauh nyei
Genesis_22_1_5000_7640|naaiv deix sic jiex liuz
Genesis_22_2_7640_10920|nqa haav tin hungh seix apc laa ham
Genesis_22_3_10920_13480|tin hungh gorngv mbuox ninh
Genesis_22_4_13480_14880|apc laa ham aac
Genesis_22_5_14880_17760|apc laa ham dau
Genesis_22_7_18320_20040|yie yiem naaiv oc
Genesis_22_8_20040_22000|tin hungh gorngv
Genesis_22_9_22000_25160|meih oix zuqc dorh meih nyei dorn
Genesis_22_10_25160_27840|se meih nyei ndoqc dorn
Genesis_22_11_27840_28920|i sakc
Genesis_22_12_28920_30840|dongh meih hnamv wuov dauh
Genesis_22_13_30840_32120|mingh mo li yaa deic
Genesis_22_14_32120_39280|taux wuov yie ziouc mbuox meih oix zuqc faaux haaix norm mbong longc meih nyei dorn zoux buov ziec nyei ga naaiv
Genesis_22_15_39280_44200|da nyeic ndorm nziouv nyei
Genesis_22_16_44200_48360|apc laa ham jiez sin daaih buic jienv ninh nyei lorh
Genesis_22_17_48360_52320|dorh i dauh ninh nyei bou caux ninh nyei dorn
Genesis_22_18_52320_53440|i sakc
Genesis_22_19_53440_54640|mingh
Genesis_22_20_54640_62640|ninh gaeqv zaangh gaux ninh oix buov ziec nyei ga naaiv ziouc cuotv jauv mingh tin hungh mbuox ninh mingh wuov norm dorngx
Genesis_22_40_118720_120600|apc laa ham dau
Genesis_22_41_120600_121360|aa dorn aac
Genesis_22_42_121360_127360|tin hungh ganh oix liuc leiz ziangx buov ziec nyei ba gi yungh dorn
Genesis_22_43_127360_130920|i dorn diex aengx yangh jienv mingh
Genesis_22_44_130920_134880|mingh taux tin hungh mbuox ninh wuov norm dorngx
Genesis_22_45_134880_138080|apc laa ham ceix norm ziec dorngh daaih
Genesis_22_46_138080_143480|zorqv zaangh zueih yietv zueih nyeic mbaih jienv ziec dorngh gu nguaaic
Genesis_22_47_143480_146800|ninh yaac zorqv ninh nyei dorn i sakc
Genesis_22_48_146800_150040|ndoh jienv an jienv ziec dorngh
Genesis_22_49_150040_152880|zaangh ndui gu nguaaic
Genesis_22_50_152880_158080|ninh ziouc hnyaa buoz zorqv nzuqc weic daix ninh nyei dorn
Genesis_22_51_158080_163960|mv baac ziouv  nyei fin mienh yiem gu nguaaic lungh kaatv apc laa ham gorngv
Genesis_22_52_163960_164600|apc laa ham aah
Genesis_22_53_164600_166720|apc laa ham
Genesis_22_54_166720_169440|apc laa ham dau
Genesis_22_55_169440_170520|oeix
Genesis_22_56_170520_172160|yie yiem naaiv oc
Genesis_22_57_172160_173600|fin mienh gorngv
Genesis_22_58_173600_175680|maiv dungx hoic naaiv dauh dorn
Genesis_22_59_175680_177840|maiv dungx zoux haaix nyungc bun ninh
Genesis_22_60_177840_183840|ih zanc yie hiuv duqv meih gamh nziex yaac taaih tin hungh weic zuqc meih maiv nzaeng meih nyei dorn
Genesis_22_61_183840_187640|nyunc zorqv meih nyei ndoqc dorn fungx bun yie
Genesis_22_62_187640_191480|apc laa ham cau hmien huin nzuonx mangc nqa haav nqaang
Genesis_22_63_191480_193720|buatc maaih dauh ba gi yungh gouv
Genesis_22_64_193720_196160|jorng kuangx jienv lomc mbiorqc
Genesis_22_65_196160_201600|ninh ziouc mingh zorqv daaih zoux buov ziec nyei ga naaiv div ninh nyei dorn
Genesis_22_66_201600_204480|wuov norm dorngx apc laa ham tengx cuotv mbuox heuc
Genesis_22_67_204480_207680|ziouv ganh oix liuc leiz ziangx
Genesis_22_68_207680_210520|ih jaax hnoi mienh corc gorngv
Genesis_22_69_210520_213040|yiem ziouv  nyei mbong
Genesis_22_70_213040_215160|ziouv  ganh liuc leiz ziangx bun
Genesis_22_71_215160_221680|ziouv nyei fin mienh yiem gu nguaaic lungh aengx heuc da nyeic nzunc gorngv mbuox apc laa ham
Genesis_22_72_221680_227760|ziouv gorngvyie ziangv jienv yie ganh laengz waac weic zuqc meih hnangv naaiv zoux
Genesis_22_73_227760_229400|meih maiv nzaeng meih nyei dorn
Genesis_22_74_229400_232280|se meih nyei ndoqc dorn
Genesis_22_75_232280_234760|yie ndongc haaix zungv oix ceix fuqv bun meih
Genesis_22_76_234760_244160|yie oix bun meih nyei zeiv fun hiaangx jienv faaux ndongc lungh nyei hleix camv yaac ndongc koiv hlen nyei saa ziou camv
Genesis_22_77_244160_248920|meih nyei zeiv fun yaac oix duqv ninh mbuo nyei win wangv nyei zingh
Genesis_22_78_248920_251360|zoux ninh mbuo nzipc nyei buonc
Genesis_22_79_251360_255840|lungh ndiev maanc guoqv mienh weic meih nyei zeiv fun oix duqv fuqv
Genesis_22_80_255840_259560|weic zuqc meih muangx yie nyei waac
Genesis_23_30_146400_151160|mv baac apc laa ham aengx baaix wuov norm deic bung nyei mienh
Genesis_23_31_151160_154280|dorng jienv zuangx mienh mbuox e fo lon
Genesis_23_32_154280_158240|se gorngv meih a hneiv nor tov meih muangx yie oc
Genesis_23_33_158240_170560|yie buangv hnyouv bun wuov nzong ndeic nyei jaax zinh tov meih zipv weic bun yie haih yiem wuov norm dorngx zangx yie nyei auv
Genesis_23_34_170560_173120|e fo lon dau apc laa ham
Genesis_23_35_173120_175760|domh gorx aac muangx yie oc
Genesis_23_36_175760_183160|naaiv nzong ndeic nyei jaax zinh zic duqv i joih caux faah ziepc feix lungz nyaanh hnangv
Genesis_23_37_183160_189960|mv baac meih caux yie maiv zuqc funx haaix nyungc aqv gunv zangx meih nyei auv aqv
Genesis_23_38_189960_193560|apc laa ham ziouc dingc maaiz aqv
Genesis_23_39_193560_197720|ei e fo lon dorng jienv hitv tai mienh gorngv nyei waac
Genesis_23_40_197720_201160|ninh nziang i joih faah ziepc feix lungz nyaanh
Genesis_23_41_201160_207200|ziux wuov norm deic bung nyei saeng eix mienh nziang nyei hniev daauh
Genesis_23_42_207200_209160|bun e fo lon
Genesis_23_43_209160_216000|e fo lon nyei ndeic yiem makv be laa se yiem mamle nyei dong bung maengx
Genesis_23_44_216000_220560|naaiv nzong ndeic caux ndeic gu nyuoz nyei mbaengx kuotv
Genesis_23_45_220560_226040|liemh huing nzuonx nyei ndiangx benx nzengc apc laa ham nyei
Genesis_23_46_226040_229320|yiem zingh gaengh caangh laangh wuov zanc
Genesis_23_47_229320_236840|wuov deix hitv tai mienh dauh dauh ziouc hiuv duqv wuov nzong ndeic maaic dangx bun apc laa ham mi aqv
Genesis_23_48_236840_243520|apc laa ham ziouc dorh ninh nyei auv saalaa mingh zangx yiem makv be laa nyei mbaengx kuotv
Genesis_23_49_243520_249560|kaa naa an deic bung nitv mamle wuov se nitv he mbo lon
Genesis_23_50_249560_258200|wuov nzong ndeic caux ndeic gu nyuoz nyei mbaengx kuotv hitv tai mienh maaic dangx bun apc laa ham longc zoux zouv gemh
Genesis_24_1_6000_10200|apc laa ham nyei hnyangx jeiv hlang
Genesis_24_2_10200_12040|gox haic aqv
Genesis_24_3_12040_16760|yiem ninh zoux nyei nyungc nyungc ziouv yaac ceix fuqv bun ninh
Genesis_24_4_16760_22120|apc laa ham mbuox ninh hnyangx jeiv gauh gox jiex wuov dauh bou
Genesis_24_5_22120_25880|dongh tengx ninh goux nzengc jaa dingh wuov dauh
Genesis_24_6_25880_30840|dorh meih nyei buoz daaih an jienv yie nyei camh zuih ga ndiev maengx
Genesis_24_7_30840_34080|yie oix meih ziangv jienv ziouv
Genesis_24_8_34080_38480|dongh lungh caux ndau nyei tin hungh
Genesis_24_9_38480_48480|laengz waac meih maiv lorz ih zanc yie yiem jienv nyei kaa naa an mienh mbu ndongx nyei sieqv zoux yie nyei dorn nyei auv
Genesis_24_10_48480_52440|oix zuqc nzuonx yie nyei loz deic bung
Genesis_24_11_52440_54680|yie nyei cien ceqv wuov
Genesis_24_12_54680_59560|tengx yie nyei dorn i sakc gorngv auv
Genesis_24_13_59560_61520|bou naaic gaax
Genesis_24_14_61520_67320|se gorngv sieqv maiv kangv gan yie daaih naaiv norm deic bung ni
Genesis_24_15_67320_74360|yie oix zuqc fungx meih nyei dorn nzuonx meih cuotv daaih wuov norm deic bung saah
Genesis_24_16_74360_76680|apc laa ham gorngv
Genesis_24_17_76680_81920|cin maanc maiv dungx fungx yie nyei dorn nzuonx wuov norm deic bung
Genesis_24_18_81920_85800|lungh zaangc nyei tin hungh wuov dauh ziouv
Genesis_24_19_85800_89800|dorh yie leih nqoi yie nyei die nyei biauv
Genesis_24_20_89800_93640|guangc jienv yie cuotv seix nyei deic bung
Genesis_24_21_93640_98680|ninh yaac caux yie laengz ngaengc waac ninh gorngv
Genesis_24_22_98680_103920|yie oix zorqv naaiv norm deic bung bun meih nyei zeiv fun
Genesis_24_23_103920_108120|ziouv  oix paaiv ninh nyei fin mienh mingh ndaangc
Genesis_24_24_108120_114040|meih ziouc haih duqv dauh wuov norm deic bung nyei sieqv zoux yie nyei mbuangz
Genesis_24_25_114040_118400|se gorngv wuov dauh sieqv maiv laengz caux meih daaih naaiv
Genesis_24_26_118400_122960|yie bun meih laengz liuz nyei ngaengc waac jiex mi aqv
Genesis_24_27_122960_130880|mv baac meih cin maanc maiv dungx dorh yie nyei dorn nzuonx wuov norm deic bung oc
Genesis_24_28_130880_143360|wuov dauh bou ziouc dorh ninh nyei buoz an jienv ninh nyei ziouv apc laa ham nyei camh zuih ga ndiev maengx houv jienv laengz ei naaiv deix waac zoux
Genesis_24_29_143360_156440|wuov dauh bou ziouc dorh jienv ziepc dauh ninh nyei ziouv nyei lorh torh caux ziex nyungc maaih jaax zinh nyei ga naaiv cuotv jauv mingh me so bo de mie deic naa ho nyei zingh
Genesis_24_30_156440_159480|taux zingh ga nyiec maengx
Genesis_24_31_159480_164680|ninh bun lorh torh gueic njiec wuom kuotv hlen
Genesis_24_32_164680_167920|wuov zanc lungh maanz hmuangx aqv
Genesis_24_33_167920_174640|doix zuqc m sieqv dorn cuotv daaih zaangh wuom nyei ziangh hoc
Genesis_24_34_174640_178160|wuov dauh bou daux gaux gorngv
Genesis_24_35_178160_183600|o ziouv yie nyei ziouv apc laa ham nyei tin hungh aah
Genesis_24_36_183600_194160|tov tengx yie ih hnoi zoux duqv ziangx yie laengz nyei waac tov meih yaac zoux longx bun yie nyei ziouv apc laa ham
Genesis_24_37_194160_198360|yie souv jienv naaiv wuom zingv hlen
Genesis_24_38_198360_204520|yiem naaiv norm zingh nyei sieqv ih zanc cuotv daaih zaangh wuom
Genesis_24_39_204520_207160|yie oix caux dauh sieqv gorngv
Genesis_24_40_207160_214880|tov meih bungx meih naaic nie ha louh njiec bun deix wuom yie hopv oc
Genesis_24_41_214880_217400|se gorngv wuov dauh sieqv gorngv
Genesis_24_42_217400_218760|domh gorx aac
Genesis_24_43_218760_220680|gunv hopv maah
Genesis_24_44_220680_225280|yie corc aengx oix bun wuom meih nyei lorh torh hopv nor
Genesis_24_45_225280_232320|yie ziouc hiuv duqv meih ginv wuov dauh daaih zoux meih nyei bou i sakc nyei auv aqv
Genesis_24_46_232320_234880|se gorngv hnangv naaiv nor
Genesis_24_47_234880_240080|yie hiuv duqv meih za gengh zoux longx bun yie nyei ziouv
Genesis_24_48_240080_242400|daux gaux zungv maiv gaengh setv
Genesis_24_49_242400_243880|maaih dauh sieqv
Genesis_24_50_243880_246720|mbuox heuc le mbe kaa
Genesis_24_51_246720_250040|ndaam jienv nie ha louh cuotv daaih
Genesis_24_52_250040_254120|le mbe kaa se mbe tu en nyei sieqv
Genesis_24_53_254120_258200|le mbe kaa nyei gux heuc minkaa
Genesis_24_54_258200_262160|minkaa zoux naa ho nyei auv
Genesis_24_55_262160_264520|naa ho zoux apc laa ham nyei youz
Genesis_24_56_264520_271040|naaiv dauh sieqv ziangh duqv nzueic haic yaac maiv gaengh nziaauc jiex dorn
Genesis_24_57_271040_276400|ninh njiec taux wuom zingv zaangh wuom buangv ha louh aengx faaux daaih
Genesis_24_58_276400_281280|apc laa ham nyei bou ziouc tiux jienv mingh taux sieqv nyei ga hlen gorngv
Genesis_24_59_281280_287360|tov bun deix meih naaic nie ha louh nyei wuom yie hopv oc
Genesis_24_60_287360_289120|wuov dauh sieqv gorngv
Genesis_24_61_289120_290600|domh gorx aac
Genesis_24_62_290600_292240|gunv hopv maah
Genesis_24_63_292240_295880|sieqv ziouc bungx nie ha louh njiec mba dauh
Genesis_24_64_295880_298400|bouh jienv bun ninh hopv
Genesis_24_65_298400_300040|ninh hopv liuz wuom
Genesis_24_66_300040_301520|sieqv aengx gorngv
Genesis_24_67_301520_307000|yie corc oix mingh zaangh wuom bun meih nyei lorh torh hopv beuv
Genesis_24_68_307000_314680|ninh ziouc gaanv jienv dox nie ha louh nyei wuom an wuov zoh bun lorh torh hopv
Genesis_24_69_314680_322240|aengx tiux mingh wuom kuotv wuov zaangh wuom bun ninh nyei dauh dauh lorh torh hopv
Genesis_24_70_322240_325440|wuov dauh bou souv jienv wuov maiv ko lo
Genesis_24_71_325440_327480|samx mangc gaax
Genesis_24_72_327480_332280|ziouv tengx ninh zoux ziangx ziux ninh cuotv daaih zoux nyei gong fai ni
Genesis_24_73_332280_335200|lorh torh hopv liuz wuom
Genesis_24_74_335200_338960|wuov dauh bou zorqv norm jiem mba zorng hiun
Genesis_24_75_338960_344320|hniev daauh yietc zinh faam buon
Genesis_24_76_344320_348040|aengx zorqv doix jiem nyei jiemh
Genesis_24_77_348040_350040|hniev daauh faam lungz
Genesis_24_78_350040_352360|bun wuov dauh sieqv
Genesis_24_79_352360_353520|wuov dauh bou naaic
Genesis_24_80_353520_355520|tov mbuox yie
Genesis_24_81_355520_357160|meih haaix dauh nyei sieqv
Genesis_24_82_357160_362640|meih nyei die nyei biauv maaih dorngx bun yie mbuo bueix muonz fai
Genesis_24_83_362640_365040|sieqv dau
Genesis_24_84_365040_367920|yie mbe tu en nyei sieqv
Genesis_24_85_367920_370040|yie nyei ong heuc naa ho
Genesis_24_86_370040_372920|gux heuc minkaa
Genesis_24_87_372920_374280|ninh aengx gorngv
Genesis_24_88_374280_380000|yie mbuo nyei biauv maaih miev maaih mbiauh nqaauv camv nyei uix saeng kuv
Genesis_24_89_380000_383320|yaac maaih dorngx bun meih bueix
Genesis_24_90_383320_387720|wuov dauh bou ziouc gueic njiec ndau baaix ziouv ninh gorngv
Genesis_24_91_387720_393120|ceng ziouv yie nyei ziouv apc laa ham nyei tin hungh
Genesis_24_92_393120_399680|ziouv  maiv guangc laengz jiex nyei ngaengc waac zungv ziepc zuoqv nyei zoux longx bun yie nyei ziouv
Genesis_24_93_399680_401440|yie ganh aeqv
Genesis_24_94_401440_407360|ziouv  dorh jauv taux yie nyei ziouv apc laa ham nyei cien ceqv nyei biauv
Genesis_24_95_407360_410400|sieqv tiux jienv nzuonx mingh
Genesis_24_96_410400_417880|zorqv naaiv deix jauv louc mbuox ninh nyei maa caux biauv zong mienh
Genesis_24_97_417880_420880|le mbe kaa maaih dauh gorx mbuox heuc laa mbaan
Genesis_24_98_420880_426560|laa mbaan gaanv jienv mingh wuov wuom zingv lorz wuov dauh mienh
Genesis_24_99_426560_433240|laa mbaan buatc liuz ninh nyei muoc dangh jienv nyei mba zorng hiun caux buoz jiemh
Genesis_24_100_433240_437400|yaac haiz ninh gorngv nzengc wuov dauh mienh gorngv nyei waac
Genesis_24_101_437400_440080|ninh ziouc cuotv mingh lorz wuov dauh mienh
Genesis_24_102_440080_444560|buatc ninh souv jienv lorh torh ga hlen nitv wuom zingv
Genesis_24_103_444560_446040|laa mbaan gorngv
Genesis_24_104_446040_447760|daaih oc
Genesis_24_105_447760_450640|meih se ziouv ceix fuqv nyei mienh
Genesis_24_106_450640_453560|meih fungc souv jienv ga nyiec hnangv
Genesis_24_107_453560_459360|yie zungv liuc leiz biauv yaac liuc leiz ziangx lorh torh yiem nyei dorngx
Genesis_24_108_459360_463360|wuov dauh bou ziouc bieqc biauv mi aqv
Genesis_24_109_463360_466720|laa mbaan bouh lorh torh nyei dorx njiec
Genesis_24_110_466720_471120|aengx zorqv mbiauh nqaauv zorqv miev bun lorh torh nyanc
Genesis_24_111_471120_481040|ninh lorz wuom bun apc laa ham nyei bou caux gan apc laa ham nyei bou daaih nyei mienh nzaaux zaux
Genesis_24_112_481040_487080|mbenc ziangx hnaangx heuc apc laa ham nyei bou nyanc mv baac ninh gorngv
Genesis_24_113_487080_489520|yie maiv gaengh nyanc oc
Genesis_24_114_489520_493240|zuov yie gorngv nzengc yie daaih nyei jauv louc cingx nyanc
Genesis_24_115_493240_495280|laa mbaan gorngv
Genesis_24_116_495280_496560|maaih haaix nyungc
Genesis_24_117_496560_498240|gunv gorngv maah
Genesis_24_118_498240_500600|wuov dauh bou gorngv
Genesis_24_119_500600_503240|yie se apc laa ham nyei bou
Genesis_24_120_503240_508760|ziouv za gengh ceix fuqv yie nyei ziouv apc laa ham camv haic
Genesis_24_121_508760_511800|bun ninh butv zoih haic maaih ngongh
Genesis_24_122_511800_513400|maaih ba gi yungh
Genesis_24_123_513400_517200|maaih yungh camv yaac maaih jiem maaih nyaanh
Genesis_24_124_517200_520040|maaih nouh gauv nouh beiz
Genesis_24_125_520040_522200|maaih lorh torh caux lorh
Genesis_24_126_522200_524880|yie nyei ziouv nyei auv saalaa
Genesis_24_127_524880_527280|hnyangx jeiv gox nyei ziangh hoc
Genesis_24_128_527280_530520|yungz duqv dauh dorn bun yie nyei ziouv
Genesis_24_129_530520_536200|yie nyei ziouv maaih nyei nyungc nyungc ninh jiu bun wuov dauh dorn mi aqv
Genesis_24_130_536200_540640|yie nyei ziouv heuc yie caux ninh laengz jiex ngaengc waac gorngv
Genesis_24_131_540640_549480|maiv dungx lorz dongh ih zanc yiem jienv naaiv norm kaa naa an deic bung nyei sieqv bun yie nyei dorn longc zoux auv
Genesis_24_132_549480_558920|oix zuqc nzuonx yie nyei die nyei zouv zaangc mienh caux yie nyei cien ceqv tengx yie nyei dorn lorz dauh sieqv zoux auv
Genesis_24_133_558920_561600|yie aengx naaic gaax yie nyei ziouv
Genesis_24_134_561600_564800|se gorngv wuov dauh sieqv maiv kangv gan yie daaih ni
Genesis_24_135_564800_566760|yie nyei ziouv dau
Genesis_24_136_566760_576960|dongh yie buoqc zaangc nyei ziouv oix paaiv ninh nyei fin mienh caux meih mingh tengx meih zoux duqv ziangx ziux meih cuotv jauv zoux nyei gong
Genesis_24_137_576960_583760|meih oix zuqc lorz dauh yie nyei cien ceqv nyei sieqv yie nyei die nyei zouv zaangc mienh
Genesis_24_138_583760_589720|bun yie nyei dorn longc zoux auv meih mingh taux yie nyei cien ceqv wuov
Genesis_24_139_589720_593320|meih caux yie laengz nyei ngaengc waac ziouc jiex mi aqv
Genesis_24_140_593320_596000|maiv gunv ninh mbuo maiv bun sieqv meih
Genesis_24_141_596000_599480|meih caux yie laengz nyei ngaengc waac jiex mi aqv
Genesis_24_142_599480_603120|ih hnoi yie taux wuov wuom kuotv hlen
Genesis_24_143_603120_605760|yie daux gaux gorngv
Genesis_24_144_605760_608120|ziouv yie nyei ziouv apc laa ham
Genesis_24_145_608120_609680|nyei tin hungh aah
Genesis_24_146_609680_613680|tov tengx yie zoux ziangx yie cuotv jauv daaih zoux nyei gong
Genesis_24_147_613680_617520|ih zanc yie souv jienv naaiv wuom zingv hlen
Genesis_24_148_617520_621760|maaih dauh sieqv cuotv daaih zaangh wuom yie oix gorngv
Genesis_24_149_621760_625480|tov deix meih nyei nie ha louh nyei wuom hopv oc
Genesis_24_150_625480_627240|se gorngv ninh gorngv
Genesis_24_151_627240_628840|gunv hopv maah
Genesis_24_152_628840_632280|yie yaac oix zaangh wuom bun meih nyei lorh torh hopv
Genesis_24_154_632840_639880|yie ziouc hiuv duqv dongh wuov dauh sieqv ziouv dingc daaih zoux yie nyei ziouv nyei dorn nyei auv
Genesis_24_155_639880_643880|yie yiem hnyouv daux gaux zungv maiv gaengh setv
Genesis_24_156_643880_648120|le mbe kaa ziouc ndaam jienv nie ha louh cuotv daaih
Genesis_24_157_648120_651440|ninh njiec taux wuom zingv zaangh wuom
Genesis_24_158_651440_660200|yie ziouc mbuox ninh tov deix wuom hopv oc ninh ziouc siepv siepv nyei bungx nie ha louh njiec mba dauh yaac gorngv
Genesis_24_159_660200_661640|gunv hopv maah
Genesis_24_160_661640_665000|yie aengx zaangh wuom bun meih nyei lorh torh hopv
Genesis_24_161_665000_666200|yie ziouc hopv
Genesis_24_162_666200_669240|ninh aengx zaangh wuom bun lorh torh hopv
Genesis_24_163_669240_671360|yie aengx naaic ninh
Genesis_24_164_671360_673120|meih haaix dauh nyei sieqv
Genesis_24_165_673120_674080|ninh dau
Genesis_24_166_674080_676480|yie mbe tu en nyei sieqv
Genesis_24_167_676480_678640|yie nyei ong heuc naa ho
Genesis_24_168_678640_680480|gux heuc minkaa
Genesis_24_169_680480_687800|yie ziouc zorqv mba zorng hiun dangh jienv ninh nyei mba zorng aengx zorqv jiemh dangh jienv ninh nyei buoz
Genesis_24_170_687800_690320|yie yaac gueic njiec baaix ziouv
Genesis_24_171_690320_691720|yie ceng ziouv
Genesis_24_172_691720_692920|yie nyei ziouv
Genesis_24_173_692920_694880|apc laa ham nyei tin hungh
Genesis_24_174_694880_698280|ninh dorh yie mingh duqv zuqc jauv
Genesis_24_175_698280_705280|bun yie lorz duqv yie nyei ziouv nyei youz nyei sieqv fun zoux yie nyei ziouv nyei mbuangz
Genesis_24_176_705280_711320|ih zanc se gorngv meih a hneiv ziepc zuoqv nyei zoux doix yie nyei ziouv nyei waac
Genesis_24_177_711320_712760|tov mbuox yie
Genesis_24_178_712760_714560|meih maiv oix zoux nor
Genesis_24_179_714560_715840|tov mbuox yie
Genesis_24_180_715840_719240|yie cingx hiuv duqv oix zuqc hnangv haaix nor zoux
Genesis_24_181_719240_723480|laa mbaan caux mbe tu en dau
Genesis_24_182_723480_726000|naaiv deix jauv se yiem ziouv daaih
Genesis_24_183_726000_729720|yie mbuo maiv haih caux meih gorngv longx fai ciouv
Genesis_24_184_729720_732440|le mbe kaa m daaih yiem naaiv nyei
Genesis_24_185_732440_735800|gunv dorh ninh mingh zoux meih nyei ziouv nyei mbuangz aqv
Genesis_24_186_735800_738520|hnangv ziouv  tin hungh gorngv nor
Genesis_24_187_738520_744760|apc laa ham nyei bou haiz ninh mbuo nyei waac ziouc puoqv njiec ndau baaix ziouv
Genesis_24_188_744760_753120|ninh yaac zorqv longc jiem longc nyaanh daav daaih nyei siou setv caux lui houx bun le mbe kaa
Genesis_24_189_753120_758320|ninh aengx zorqv jaaix nyei zingh nyeic bun sieqv nyei gorx caux maa
Genesis_24_190_758320_765400|apc laa ham nyei bou bun liuz ninh caux gan ninh daaih nyei mienh ziouc nyanc hnaangx aqv
Genesis_24_191_765400_767960|nyanc liuz hopv liuz
Genesis_24_192_767960_769920|ninh mbuo bueix muonz wuov
Genesis_24_193_769920_771960|da nyeic ndorm jiez sin daaih
Genesis_24_194_771960_773720|wuov dauh bou gorngv
Genesis_24_195_773720_776680|tov bun yie nzuonx yie nyei ziouv wuov oc
Genesis_24_196_776680_779920|sieqv nyei gorx caux ninh nyei maa gorngv
Genesis_24_197_779920_785120|tov bun sieqv caux yie mbuo yiem ziepc baav hnoi liuz nqa haav mingh duqv nyei
Genesis_24_198_785120_787840|wuov dauh bou gorngv
Genesis_24_199_787840_794880|tov meih mbuo maiv dungx zorv yie weic zuqc ziouv tengx yie zoux sung yie nyei jauv mi aqv
Genesis_24_200_794880_797960|tov bun yie nzuonx yie nyei ziouv wuov aqv
Genesis_24_201_797960_799400|ninh mbuo dau
Genesis_24_202_799400_803480|wuov nyungc heuc sieqv daaih naaic gaax ninh hnangv haaix nor gorngv
Genesis_24_203_803480_807080|ninh mbuo ziouc heuc le mbe kaa daaih naaic
Genesis_24_204_807080_810600|meih za gengh oix gan naaiv dauh m jangc dorn mingh nyei fai
Genesis_24_205_810600_812800|sieqv dau mingh nyei
Genesis_24_206_812800_822440|ninh mbuo ziouc bun le mbe kaa caux dorh le mbe kaa hlo daaih wuov dauh bou gan apc laa ham nyei bou mbuo mingh
Genesis_24_207_822440_826880|ninh mbuo buang waac le mbe kaa gorngv mbuox ninh
Genesis_24_208_826880_829360|yie mbuo nyei muoc aac
Genesis_24_209_829360_834040|tov bun meih zoux ziex cin ziex waanc mienh nyei maa
Genesis_24_210_834040_840040|tov bun meih nyei zeiv fun haih duqv nzipc ninh mbuo nyei win wangv nyei zingh
Genesis_24_211_840040_848520|le mbe kaa caux ninh nyei m sieqv bou mbuo mbenc nzoih ga naaiv geh jienv lorh torh
Genesis_24_212_848520_851720|gan jienv apc laa ham nyei bou nzuonx
Genesis_24_213_851720_856680|wuov dauh bou ziouc cuotv jauv dorh jienv le mbe kaa mingh aqv
Genesis_24_214_856680_865640|i sakc yiem mbe e laa hai loi deic bung huaang nzuonx weic zuqc wuov zanc ninh yiem negepc
Genesis_24_215_865640_868160|maaih hnoi lungh maanz hmuangx
Genesis_24_216_868160_870600|i sakc cuotv mingh saau wuov ndeic
Genesis_24_217_870600_874680|ninh cau hmien buatc guanh lorh torh hungx jienv daaih
Genesis_24_218_874680_880080|le mbe kaa yaac cau hmien buatc i sakc ziouc njiec lorh torh daaih
Genesis_24_219_880080_882800|naaic gaax apc laa ham nyei bou
Genesis_24_220_882800_887120|yiem wuov ndeic hungx jienv mbuo daaih wuov dauh mienh se haaix dauh
Genesis_24_221_887120_890040|wuov dauh bou gorngv
Genesis_24_222_890040_891840|ninh zoux yie nyei ziouv
Genesis_24_223_891840_896840|le mbe kaa ziouc zorqv kuaaiv ndie buang jienv ganh nyei hmien
Genesis_24_224_896840_902400|wuov dauh bou ziouc gorngv nzengc ninh nyei jauv louc bun i sakc muangx
Genesis_24_225_902400_907040|i sakc ziouc dorh jienv le mbe kaa bieqc i sakc nyei maa
Genesis_24_226_907040_908680|saalaa nyei ndopv liuh
Genesis_24_227_908680_912400|le mbe kaa ziouc benx i sakc nyei auv mi aqv
Genesis_24_228_912400_914640|i sakc yaac hnamv haic ninh
Genesis_24_229_914640_921120|i sakc ziouc duqv auv daaih tengx jaiv ninh nyei maa daic mingh nyei you nzauh
Genesis_25_1_7000_10960|apc laa ham aengx longc dauh auv
Genesis_25_2_10960_12720|mbuox heuc ke tu laa
Genesis_25_3_12720_17880|ke tu laa yungz duqv camv dauh dorn bun ninh
Genesis_25_4_17880_23480|maaih simx laan yokv saan me ndaan mi ndien
Genesis_25_5_23480_26000|itc mbaakc caux quwaa
Genesis_25_6_26000_31400|yokv saan nyei dorn nyei mbuox heuc qe mbaa caux nde ndaan
Genesis_25_7_31400_37240|nde ndaan nyei dorn bun njiec benx atc su lim
Genesis_25_8_37240_42960|le tu sim caux le um mim mienh
Genesis_25_9_42960_46200|mi ndien nyei dorn heuc e faa
Genesis_25_10_46200_47400|efe
Genesis_25_11_47400_48680|haanokv
Genesis_25_12_48680_51960|aa mbi ndaa caux en ndaa aa
Genesis_25_13_51960_55880|naaiv deix yietc zungv zoux ke tu laa nyei zeiv fun
Genesis_25_14_55880_61480|apc laa ham jiu ninh nyei jaa dingh yietc zungv ga naaiv bun ninh nyei dorn
Genesis_25_15_61480_62840|i sakc
Genesis_25_16_62840_64880|nzipc nzengc
Genesis_25_17_64880_74240|mv baac apc laa ham maiv gaengh guei seix wuov zanc ninh bun zingh nyeic ninh nyei auv dorn nyei dorn mbuo
Genesis_25_18_74240_82560|nqa haav ziouc heuc ninh mbuo leih nqoi i sakc mingh yiem dong bung maengx nyei deic bung
Genesis_25_19_82560_84960|apc laa ham guei seix
Genesis_25_20_84960_91080|apc laa ham nyei hnyangx jeiv ziangh duqv yietc baeqv cietv ziepc hmz hnyangx
Genesis_25_21_91080_93840|ninh ziangh duqv siouc nyuonh ndaauv
Genesis_25_22_93840_97840|benx mienh gox mienh ziouc dangx qiex
Genesis_25_23_97840_99760|guei seix mi aqv
Genesis_25_24_99760_102160|ninh nyei dorn
Genesis_25_25_102160_110680|i sakc caux i saa maa en dorh ninh mingh zangx nitv mamle wuov norm makv be laa mbaengx kuotv
Genesis_25_26_110680_113880|naaiv norm mbaengx kuotv yiem hitv tai mienh
Genesis_25_27_113880_116080|so haax nyei dorn
Genesis_25_28_116080_118480|e fo lon nyei ndeic
Genesis_25_29_118480_122920|se apc laa ham tengx hitv tai mienh maaiz nyei ndeic
Genesis_25_30_122920_125880|apc laa ham caux ninh nyei auv saalaa
Genesis_25_31_125880_128720|ziouc zangx jienv wuov aqv
Genesis_25_32_128720_133800|apc laa ham guei seix liuz tin hungh ceix fuqv bun ninh nyei dorn i sakc
Genesis_25_33_133800_139360|i sakc yiem nitv mbe e laa hai loi
Genesis_25_34_139360_143160|i saa maa en nyei zeiv fun
Genesis_25_35_143160_145960|ih zanc gorngv apc laa ham nyei dorn
Genesis_25_36_145960_148680|i saa maa en nyei zeiv fun
Genesis_25_37_148680_152320|dongh saalaa nyei nouh beiz i yipv mienh
Genesis_25_38_152320_158080|haagaa yungz bun apc laa ham wuov dauh dorn nyei zeiv fun
Genesis_25_39_158080_164000|yiem naaiv mingh gorngv i saa maa en nyei dorn nyei mbuox zueih hlo taux faix
Genesis_25_40_164000_168840|dorn hlo heuc ne mbaa yotv aengx maaih ke ndaa
Genesis_25_60_234640_239720|yiem naaiv mingh gorngv apc laa ham nyei dorn i sakc nyei jauv louc
Genesis_25_61_239720_242600|apc laa ham zoux i sakc nyei die
Genesis_25_62_242600_249800|i sakc longc le mbe kaa zoux auv wuov zanc ninh duqv feix ziepc hnyangx
Genesis_25_63_249800_252040|le mbe kaa zoux mbe tu en nyei sieqv
Genesis_25_64_252040_255040|mbe tu en se aalam mienh
Genesis_25_65_255040_257520|yiem batc ndaan aalam
Genesis_25_66_257520_260440|le mbe kaa yaac zoux aalam mienh
Genesis_25_67_260440_262720|laa mbaan nyei muoc
Genesis_25_68_262720_271080|le mbe kaa maiv maaih fu jueiv i sakc ziouc weic ninh nyei auv daux gaux tov ziouv bun ninh nyei auv maaih fu jueiv
Genesis_25_69_271080_274080|ziouv  ei i sakc tov nyei waac zoux
Genesis_25_70_274080_277240|le mbe kaa ziouc maaih gu nguaaz aqv
Genesis_25_71_277240_278840|maaih sung gu nguaaz
Genesis_25_72_278840_282560|gu nguaaz yiem maa nyei ga sie borngz jaax
Genesis_25_73_282560_283680|le mbe kaa gorngv
Genesis_25_74_283680_286800|yie weic haaix diuc ndongc naaiv kouv
Genesis_25_75_286800_288280|ninh ziouc mingh naaic ziouv
Genesis_25_76_288280_290520|ziouv  gorngv mbuox ninh
Genesis_25_77_290520_294960|maaih i fingx mienh yiem meih nyei ga sie gu nyuoz
Genesis_25_78_294960_297840|meih yungz cuotv naaiv deix i fingx
Genesis_25_79_297840_300680|yietc fingx caux yietc fingx oix bun nqoi
Genesis_25_80_300680_302800|naaiv fingx oix gauh henv wuov fingx
Genesis_25_100_368120_373080|weic zuqc ninh duqv nyanc esaau buonv daaih nyei orv
Genesis_25_101_373080_377400|mv baac le mbe kaa gauh hnamv yaakopv
Genesis_25_102_377400_378360|maaih hnoi nor
Genesis_25_103_378360_382160|yaakopv wuonh jienv dopc siqv
Genesis_25_104_382160_384840|esaau mingh gemh nzuonx daaih
Genesis_25_105_384840_387760|hnyouv za gengh sie haic
Genesis_25_106_387760_390720|ninh gorngv mbuox yaakopv
Genesis_25_107_390720_393240|yie hnyouv sie oix daic haic aqv
Genesis_25_108_393240_396960|bun deix wuov nyungc ga naaiv siqv yie naqv gaax
Genesis_25_109_396960_401000|weic naaiv mienh cuotv mbuox heuc ninh zoux e ndom
Genesis_25_110_401000_402800|yaakopv gorngv
Genesis_25_111_402800_407400|maaic meih zoux dorn hlo duqv sung gouv nyei leiz bun yie ndaangc maah
Genesis_25_112_407400_408240|esaau dau
Genesis_25_113_408240_411040|mangc maah yie oix daic haic aqv
Genesis_25_114_411040_416520|zoux gorx duqv sung gouv nyei leiz weic yie maaih haaix nyungc maaih lamh longc
Genesis_25_115_416520_418200|yaakopv gorngv
Genesis_25_116_418200_421800|mv baac meih oix zuqc houv maaic bun yie ndaangc
Genesis_25_117_421800_429880|esaau houv liuz ziouc maaic ninh zoux dorn hlo duqv sung gouv nyei leiz bun yaakopv mi aqv
Genesis_25_118_429880_434800|yaakopv ziouc zorqv deix njuov caux dopc bun esaau nyanc
Genesis_25_119_434800_438320|nyanc liuz hopv liuz esaau ziouc jiez sin mingh mi aqv
Genesis_25_120_438320_444040|maiv korv fiqv ninh zoux dorn hlo duqv sung gouv nyei leiz
Genesis_26_30_121040_123000|maaih hnoi nor
Genesis_26_31_123000_128080|aa mbi me lekv hungh yiem hungh dinc mangc cuotv fong muonh
Genesis_26_32_128080_131840|buatc i sakc caux le mbe kaa qam jienv jaax
Genesis_26_33_131840_135520|aa mbi me lekv heuc i sakc daaih ziouc gorngv
Genesis_26_34_135520_139040|ninh za gengh meih nyei auv niaa
Genesis_26_35_139040_142440|meih weic haaix diuc gorngv ninh zoux meih nyei muoc
Genesis_26_36_142440_143920|i sakc dau
Genesis_26_37_143920_148920|weic zuqc yie nzauh heix laaix ninh mienh oix daix yie mv bei
Genesis_26_38_148920_150640|aa mbi me lekv gorngv
Genesis_26_39_150640_154400|meih fungc hnangv naaiv nor zoux bun yie mbuo
Genesis_26_40_154400_159520|se gorngv maaih dauh yie nyei baeqc fingx caux meih nyei auv bueix nor
Genesis_26_41_159520_164400|se meih ganh dorh zuiz daaih hoic yie mbuo
Genesis_26_42_164400_166680|aa mbi me lekv ziouc hatc ninh nyei baeqc fingx
Genesis_26_43_166680_170440|haaix dauh zoux haaix nyungc bun naaiv dauh mienh fai ninh nyei auv
Genesis_26_44_170440_173760|wuov dauh oix zuqc daix daic
Genesis_26_45_173760_178040|i sakc yiem wuov norm deic bung zuangx ga naaiv
Genesis_26_46_178040_185480|wuov hnyangx ninh zuangx yietc gouv siou duqv yietc baeqv gouv weic zuqc ziouv ceix fuqv bun ninh
Genesis_26_47_185480_191160|ninh gunv zoux gunv benx jienv faaux taux za gengh zoux domh butv zoih mienh
Genesis_26_48_191160_192920|ninh maaih ngongh
Genesis_26_49_192920_194480|maaih ba gi yungh
Genesis_26_50_194480_195840|maaih yungh camv
Genesis_26_51_195840_200680|bou yaac maaih camv fi li saa die mienh ziouc mueic jieqv haic
Genesis_26_52_200680_207600|ninh mbuo ziouc wetv nie dinh ndipc dongh zinh ndaangc yiem i sakc nyei die
Genesis_26_53_207600_214240|apc laa ham nyei seix zeiv wuov zanc ninh nyei bou wetv daaih nyei wuom kuotv
Genesis_26_54_214240_217280|aa mbi me lekv gorngv mbuox i sakc
Genesis_26_55_217280_222840|meih oix zuqc suiv nqoi yie mbuo aqv weic zuqc meih ih zanc gauh henv yie mbuo
Genesis_26_56_222840_228480|i sakc ziouc suiv mingh corng ndopv liuh yiem ge laa aa horngz
Genesis_26_57_228480_232040|ninh aengx wetv nzunc dongh yiem ninh nyei die
Genesis_26_58_232040_235200|apc laa ham nyei seix zeiv wetv daaih nyei wuom kuotv
Genesis_26_59_235200_238800|weic zuqc apc laa ham guei seix liuz
Genesis_26_60_238800_243080|nqa haav fi li saa die mienh dinh ndipc nzengc mi aqv
Genesis_26_110_438760_440120|ninh mbuo gorngv
Genesis_26_111_440120_444280|yie mbuo wetv taux wuom mi aqv
Genesis_26_112_444280_448240|i sakc ziouc cuotv wuov norm wuom kuotv nyei mbuox heuc qi mbaa
Genesis_26_113_448240_450040|weic naaiv
Genesis_26_114_450040_456000|wuov norm dorngx nyei zingh nyei mbuox heuc mbe e qe mbaa taux ih jaax hnoi
Genesis_26_115_456000_460000|e saau longc hitv tai sieqv zoux auv
Genesis_26_116_460000_465080|esaau duqv feix ziepc hnyangx wuov zanc ninh dorng jaa
Genesis_26_117_465080_466640|ninh longc hitv tai mienh
Genesis_26_118_466640_468720|mbe e li nyei sieqv
Genesis_26_119_468720_469800|yu nditc
Genesis_26_120_469800_472800|aengx longc hitv tai mienh
Genesis_26_121_472800_474600|elon nyei sieqv
Genesis_26_122_474600_476440|mbaa se matv
Genesis_26_123_476440_479160|weic naaiv deix i dauh m sieqv dorn
Genesis_26_124_479160_483000|i sakc caux le mbe kaa zuqc nzauh camv
Genesis_27_40_151000_153720|mingh zorqv yungh daaih bun maa oc
Genesis_27_41_153720_157320|yaakopv ziouc mingh zorqv daaih bun ninh nyei maa
Genesis_27_42_157320_163680|ninh nyei maa ei jienv yaakopv nyei die yietc gau oix nyanc nyei mbenc ziangx
Genesis_27_43_163680_166960|le mbe kaa aengx mingh zorqv ninh nyei dorn hlo
Genesis_27_44_166960_169520|esaau nyei lui houx
Genesis_27_45_169520_173760|dongh siou jienv wuov biauv gauh longx jiex wuov yiemc
Genesis_27_46_173760_175880|bun ninh nyei dorn faix yaakopv
Genesis_27_47_175880_178400|zuqv jienv
Genesis_27_48_178400_185440|ninh aengx zorqv yungh dorn nyei ndopv naetv jienv yaakopv nyei buoz caux jaang
Genesis_27_49_185440_188600|dongh maiv maaih biei nyei dorngx
Genesis_27_50_188600_191000|zorng ziangx
Genesis_27_51_191000_198000|le mbe kaa zorqv ninh liuc leiz ziangx nyei orv caux njuov bun yaakopv bouh mingh
Genesis_27_52_198000_201000|yaakopv mingh taux ninh nyei die wuov gorngv
Genesis_27_53_201000_202400|aa die aac
Genesis_27_54_202400_204120|ninh nyei die dau
Genesis_27_55_204120_205600|dorn aac
Genesis_27_56_205600_208440|meih dongh haaix dauh dorn
Genesis_27_57_208440_210240|yaakopv dau
Genesis_27_58_210240_213600|yie meih nyei dorn hlo esaau
Genesis_27_59_213600_216240|yie ei die nyei waac mbenc ziangx
Genesis_27_60_216240_221640|die jiez sin zueiz jienv nyanc yie buonv daaih nyei orv aqv
Genesis_27_61_221640_225080|nyanc liuz die duqv buang waac bun yie
Genesis_27_62_225080_227400|i sakc naaic ninh nyei dorn
Genesis_27_63_227400_228800|dorn aah
Genesis_27_64_228800_232000|meih fungc buonv duqv orv ndongc naaic siepv
Genesis_27_65_232000_234040|yaakopv dau
Genesis_27_66_234040_238960|ziouv  meih nyei tin hungh bun yie haih buangh orv siepv nyei
Genesis_27_67_238960_242200|i sakc aengx gorngv mbuox yaakopv
Genesis_27_68_242200_243680|dorn aac
Genesis_27_69_243680_246640|daaih fatv deix bun yie hluo gaax
Genesis_27_70_246640_252040|meih za gengh yie nyei dorn esaau zeiz fai maiv zeiz
Genesis_27_71_252040_254320|yaakopv mingh fatv nyei
Genesis_27_72_254320_258160|ninh nyei die i sakc ziouc hluo ninh
Genesis_27_73_258160_259680|i sakc gorngv
Genesis_27_74_259680_263880|meih nyei qiex se hnangv yaakopv nyei qiex
Genesis_27_75_263880_268680|mv baac meih nyei buoz haiz hnangv esaau nyei buoz nor
Genesis_27_76_268680_277120|ninh zieqv maiv duqv naaiv se yaakopv weic zuqc buoz maaih biei suqv suqv hnangv ninh nyei gorx esaau nyei buoz nor
Genesis_27_77_277120_279760|i sakc ziouc buang waac bun ninh
Genesis_27_78_279760_283280|mv baac ninh aengx naaic nzunc
Genesis_27_79_283280_285920|meih za gengh yie nyei dorn esaau fai
Genesis_27_80_285920_287680|yaakopv dau
Genesis_27_81_287680_289400|zeiz nyei
Genesis_27_82_289400_290720|i sakc gorngv
Genesis_27_83_290720_292120|dorn aac
Genesis_27_84_292120_295280|dorh meih buonv daaih nyei orv bun die nyanc
Genesis_27_85_295280_298920|nyanc liuz ziouc buang waac bun meih
Genesis_27_86_298920_302040|yaakopv ziouc dorh orv daaih bun ninh nyanc
Genesis_27_87_302040_305000|aengx dorh a ngunc diuv daaih bun ninh hopv
Genesis_27_88_305000_308800|nyanc liuz hopv liuz i sakc gorngv
Genesis_27_89_308800_309480|dorn aac
Genesis_27_90_309480_314240|daaih fatv deix zom dangh die nyei hmien
Genesis_27_91_314240_318040|yaakopv mingh zom ninh nyei die wuov zanc
Genesis_27_92_318040_326280|ninh nyei die hnomv zuqc yaakopv nyei lui nyei nziaau ziouc buang waac ninh nyei dorn aqv
Genesis_27_93_326280_328120|ninh gorngv
Genesis_27_94_328120_330080|yie nyei dorn ndaang nyei
Genesis_27_95_330080_334720|hnangv ziouv ceix fuqv nyei liangx ndeic ndaang nor
Genesis_27_96_334720_340520|tov tin hungh bun mbiungc suiv yiem wuov lungh njiec
Genesis_27_97_340520_343800|yaac bun meih nyei ndau longx
Genesis_27_98_343800_348800|tov ninh yaac bun meih duqv mbiauh hmeiv caux siang a ngunc diuv camv
Genesis_27_99_348800_353160|tov bun camv fingx mienh fu sux meih
Genesis_27_100_353160_357680|yaac bun camv norm guoqv nyei mienh gueic njiec baaix meih
Genesis_27_101_357680_363720|tov bun meih haih zoux meih nyei muoz doic nyei ziouv
Genesis_27_102_363720_369040|yaac bun meih nyei maa nyei zeiv fun gueic njiec baaix meih
Genesis_27_103_369040_371920|haaix dauh zioux meih tov bun wuov dauh zuqc zioux
Genesis_27_104_371920_374200|haaix dauh buang waac meih
Genesis_27_105_374200_378760|tov bun wuov dauh duqv ziouv ceix fuqv
Genesis_27_106_378760_380960|esaau tov i sakc buang waac
Genesis_27_107_380960_384560|i sakc buang liuz waac
Genesis_27_108_384560_387160|yaakopv jang jang cuotv mingh hnangv
Genesis_27_109_387160_391040|ninh nyei gorx esaau buonv duqv orv nzuonx daaih
Genesis_27_110_391040_399040|esaau ziouc zoux deix orv kuv nyei dorh mingh bun ninh nyei die nyanc ninh gorngv
Genesis_27_130_455960_463200|dongh yie oix buang meih nyei waac meih nyei youz daaih nduov yie buang bun ninh nzengc mi aqv
Genesis_27_131_463200_465000|esaau gorngv
Genesis_27_132_465000_467400|ninh nyei mbuox heuc yaakopv
Genesis_27_133_467400_469200|gengh puix haic aqv
Genesis_27_134_469200_472120|weic zuqc ninh nduov yie i nzunc mi aqv
Genesis_27_135_472120_477360|yie zoux dorn hlo duqv sung gouv nyei leiz ninh nduov duqv mi aqv
Genesis_27_136_477360_485320|ih zanc dongh die oix buang bun yie nyei waac ninh yaac nduov die buang bun ninh nzengc mi aqv
Genesis_27_137_485320_486720|aa die aah
Genesis_27_138_486720_489520|meih maiv liouh yietc deix buang bun yie aqv
Genesis_27_139_489520_492240|i sakc dau
Genesis_27_140_492240_501240|die bun ninh zoux meih nyei ziouv yaac bun yietc zungv muoz doic cien ceqv zoux ninh nyei bou
Genesis_27_141_501240_507760|liemh mbiauh hmeiv caux siang a ngunc diuv yie bun weic yungz ninh nyei maengc
Genesis_27_142_507760_509640|dorn aah
Genesis_27_143_509640_514320|yie maaih haaix nyungc haih tengx meih
Genesis_27_144_514320_516600|esaau qaqv tov ninh nyei die
Genesis_27_145_516600_521040|aa die aah meih kungx maaih nduqc nyungc buang nyei waac hnangv
Genesis_27_146_521040_525400|tov meih yaac buang deix bun yie maah
Genesis_27_147_525400_528640|ninh aengx nyiemv nzunc aqv
Genesis_27_148_528640_532320|i sakc ziouc gorngv mbuox ninh
Genesis_27_149_532320_536840|meih zuqc yiem leih ndau touv longx nyei dorngx go
Genesis_27_150_536840_540440|lungh nyei mbiungc suiv meih yaac maiv duqv
Genesis_27_151_540440_544440|meih oix zuqc kaux nzuqc ndaauv yungz maengc
Genesis_27_152_544440_547680|yaac oix zuqc fu sux meih nyei youz
Genesis_27_153_547680_551960|mv baac meih haaix zanc haih simv duqv ndutv ninh
Genesis_27_154_551960_555240|meih ziouc maiv zuqc ninh gunv
Genesis_27_155_555240_558840|i sakc heuc yaakopv mingh haalaan
Genesis_27_156_558840_565240|esaau nzorng haic yaakopv laaix ninh nyei die buang waac bun yaakopv
Genesis_27_157_565240_567520|ninh yiem hnyouv hnamv
Genesis_27_158_567520_571760|hnamv daaih maiv lauh yie nyei die guei seix
Genesis_27_159_571760_576440|zuov yie mbuo nzauh nyiemv nyei ziangh hoc jiex liuz
Genesis_27_160_576440_579120|yie oix daix yaakopv guangc aqv
Genesis_28_1_4000_9600|i sakc ziouc heuc yaakopv daaih yaac buang waac bun ninh
Genesis_28_2_9600_12000|ziouc hatc ninh
Genesis_28_3_12000_16680|meih maiv dungx longc kaa naa an mienh nyei sieqv zoux auv
Genesis_28_4_16680_21840|meih oix zuqc mingh batc ndaan aalam meih nyei daa ong mbe tu en nyei biauv
Genesis_28_5_21840_24920|yiem wuov longc auv
Genesis_28_6_24920_29360|longc dauh meih nyei maa nyei gorx
Genesis_28_7_29360_30960|laa mbaan nyei sieqv
Genesis_28_8_30960_40200|tov nernh jiex nyei tin hungh ceix fuqv bun meih hiaangx daaih maaih fu jueiv camv
Genesis_28_9_40200_45240|ziouc duqv zoux camv fingx mienh nyei ong taaix
Genesis_28_10_45240_55320|tov ninh ceix fuqv bun meih caux meih nyei zeiv fun hnangv zinh ndaangc ninh ceix fuqv bun apc laa ham wuov nor
Genesis_28_11_55320_63960|yaac bun meih mbuo duqv meih ih zanc yiem jienv naaiv norm deic bung benx meih mbuo nyei buonc
Genesis_28_12_63960_69960|dongh zinh ndaangc tin hungh ceix bun apc laa ham nyei deic bung
Genesis_28_13_69960_76040|hnangv naaic i sakc ziouc heuc yaakopv mingh batc ndaan aalam
Genesis_28_14_76040_78560|mingh lorz aalam mienh
Genesis_28_15_78560_80880|mbe tu en nyei dorn
Genesis_28_16_80880_82480|laa mbaan
Genesis_28_17_82480_87720|laa mbaan yaac zoux yaakopv caux esaau nyei maa
Genesis_28_18_87720_91600|le mbe kaa nyei gorx
Genesis_28_19_91600_94480|esaau aengx longc dauh auv
Genesis_28_20_94480_97800|esaau hiuv duqv ninh nyei die i sakc
Genesis_28_21_97800_100360|buang waac yaakopv
Genesis_28_22_100360_104760|mbuox ninh mingh batc ndaan aalam lorz auv longc
Genesis_28_23_104760_106840|ninh yaac hiuv duqv
Genesis_28_24_106840_114600|buang waac wuov zanc i sakc heuc ninh maiv dungx longc kaa naa an mienh nyei sieqv zoux auv
Genesis_28_25_114600_122760|aengx buatc yaakopv muangx ninh diex maac nyei waac za gengh mingh batc ndaan aalam mi aqv
Genesis_28_26_122760_126960|esaau ziouc zieqv duqv ninh nyei die
Genesis_28_27_126960_128520|i sakc
Genesis_28_28_128520_131880|maiv a hneiv kaa naa an sieqv
Genesis_28_29_131880_136840|ninh ziouc mingh lorz dauh apc laa ham nyei dorn
Genesis_28_30_136840_139200|i saa maa en nyei sieqv
Genesis_28_31_139200_143560|ne mbaa yotv nyei muoc mbuox heuc maa haa latv
Genesis_28_32_143560_146800|longc zoux auv faam
Genesis_28_33_146800_151200|yaakopv yiem mbetc en mbeix buatc
Genesis_28_34_151200_154400|yaakopv cuotv mbe e qe mbaa
Genesis_28_35_154400_156960|hungx jienv mingh haalaan zingh
Genesis_28_36_156960_161280|mingh gau taux norm dorngx buatc mba hnoi muotv mi aqv
Genesis_28_37_161280_162800|ziouc hitv wuov
Genesis_28_38_162800_167080|ninh bueix wuov nzomz jienv la bieiv m njormh
Genesis_28_39_167080_173680|ninh mbeix buatc maaih zung tei yiem ga ndiev ndau liepc faaux taux gu nguaaic lungh
Genesis_28_40_173680_179600|yaac buatc tin hungh nyei fin mienh faaux faaux njiec njiec nyei
Genesis_28_41_179600_184280|yaac maaih ziouv  souv jienv tei gu nguaaic gorngv mbuox ninh
Genesis_28_42_184280_187000|yie se ziouv meih nyei ong
Genesis_28_43_187000_188720|apc laa ham nyei tin hungh
Genesis_28_44_188720_192360|caux i sakc nyei tin hungh
Genesis_28_45_192360_200280|dongh meih ih zanc bueix naaiv deix ndau yie oix jiu bun meih caux meih nyei zeiv fun
Genesis_28_46_200280_205160|meih nyei zeiv fun oix hnangv lungh ndiev nyei nie mbung camv
Genesis_28_47_205160_211520|ninh mbuo oix hiaangx jangv jienv mingh dong naamh fai baqv
Genesis_28_48_211520_216680|weic meih caux meih nyei zeiv fun lungh ndiev maanc fingx oix duqv fuqv
Genesis_28_49_216680_220640|jangx jienv oc
Genesis_28_50_220640_225120|maiv gunv meih mingh taux haaix yie caux meih yiem
Genesis_28_70_306040_309760|ziouv ziouc benx yie nyei tin hungh aqv
Genesis_28_71_309760_316240|yie liepc naaiv norm la bieiv daaih weic zoux jangx hoc ziouc benx tin hungh nyei dinc
Genesis_28_72_316240_319720|da faanh meih bun haaix nyungc yie
Genesis_28_73_319720_324160|yie oix zorqv ziepc gouv nyei yietc gouv fongc horc meih
Genesis_29_1_6000_12040|yaakopv aengx gan jienv jauv mingh taux dong bung mienh nyei deic bung
Genesis_29_2_12040_16840|yiem wuov ninh buatc norm wuom kuotv yiem lomc huaang gu nyuoz
Genesis_29_3_16840_28200|maaih buo guanh ba gi yungh bueix jienv wuom kuotv ga hlen weic zuqc goux yungh nyei mienh zaangh naaiv norm wuom kuotv nyei wuom bun yungh hopv
Genesis_29_4_28200_32960|buang jienv wuom kuotv wuov kuaaiv la bieiv yaac hlo nyei
Genesis_29_5_32960_40080|zuov guanh guanh ba gi yungh taux nzoih mangc yungh nyei mienh ziouc nzien nqoi la bieiv
Genesis_29_6_40080_44120|zaangh wuom daaih bun yungh hopv hopv liuz
Genesis_29_7_44120_50720|ninh mbuo aengx zorqv wuov kuaaiv la bieiv gomv jienv wuom kuotv
Genesis_29_8_50720_53960|yaakopv naaic gaax goux yungh nyei mienh
Genesis_29_9_53960_55520|gorx youz aac
Genesis_29_10_55520_57800|meih mbuo yiem haaix daaih
Genesis_29_11_57800_59520|ninh mbuo dau
Genesis_29_12_59520_62680|yie mbuo yiem haalaan zingh daaih
Genesis_29_13_62680_64520|ninh aengx naaic gaax
Genesis_29_14_64520_69000|meih mbuo hiuv duqv naa ho nyei fun laa mbaan nyei fai
Genesis_29_15_69000_70200|ninh mbuo dau hiuv nyei oc
Genesis_29_16_70200_73920|yaakopv aengx naaic gaax
Genesis_29_17_73920_75800|ninh longx nyei saah
Genesis_29_18_75800_77320|ninh mbuo dau
Genesis_29_19_77320_85920|ninh longx nyei wuov ni ninh nyei sieqv laasen dorh jienv laa mbaan nyei ba gi yungh daaih aqv loh
Genesis_29_20_85920_88640|yaakopv naaic gaax ninh mbuo
Genesis_29_21_88640_91440|ih zanc mba hnoi corc hlang nyei
Genesis_29_22_91440_95840|maiv gaengh taux ziangh hoc horngh yungh nzuonx
Genesis_29_23_95840_104000|meih mbuo weic haaix diuc maiv zaangh wuom bun ba gi yungh hopv aengx bungx ninh mbuo mingh nyanc miev
Genesis_29_24_104000_106000|ninh mbuo dau
Genesis_29_25_106000_107800|yie mbuo maiv haih hnangv naaic zoux
Genesis_29_26_107800_117080|yie mbuo oix zuqc zuov guanh guanh ba gi yungh daaih nzoih cingx nzien nqoi la bieiv zaangh wuom bun yungh hopv
Genesis_29_27_117080_124040|yaakopv caux naaiv deix mienh corc gorngv jienv waac wuov zanc
Genesis_29_28_124040_130560|laasen yaac horngh jienv ninh nyei die nyei ba gi yungh taux daaih
Genesis_29_29_130560_135440|weic zuqc ninh goux naaiv deix yungh
Genesis_29_30_135440_139680|yaakopv buatc ninh nyei maa nyei gorx laa mbaan
Genesis_29_31_139680_142720|nyei sieqv laasen
Genesis_29_32_142720_145920|horngh jienv laa mbaan nyei ba gi yungh
Genesis_29_33_145920_154920|ninh ziouc mingh wuov wuom kuotv nzien nqoi la bieiv zaangh wuom bun ninh nyei domh nauz nyei yungh hopv
Genesis_29_34_154920_163040|zaangh liuz wuom yaakopv zom laasen nyei hmien a hneiv gau siangx nyiemv nyei
Genesis_29_35_163040_165600|ninh yaac mbuox laasen
Genesis_29_36_165600_168880|yie zoux meih nyei die nyei cien ceqv
Genesis_29_37_168880_173000|se zoux le mbe kaa nyei dorn
Genesis_29_38_173000_178360|laasen ziouc tiux nzuonx mingh mbuox ninh nyei die
Genesis_29_39_178360_183200|laa mbaan yietv haiz gorngv ninh nyei muoc nyei dorn
Genesis_29_40_183200_186640|yaakopv daaih ninh ziouc tiux jienv mingh zipv
Genesis_29_41_186640_190360|qam jienv zom
Genesis_29_42_190360_193200|yaac dorh jienv nzuonx biauv mi aqv
Genesis_29_43_193200_197880|yaakopv gorngv nzengc ninh nyei jauv louc bun laa mbaan muangx
Genesis_29_44_197880_200040|laa mbaan ziouc gorngv
Genesis_29_45_200040_204480|meih za gengh caux yie juangc nziaamv fei nyei mienh
Genesis_29_46_204480_209680|yaakopv caux laa mbaan yiem yietc hlaax nyieqc
Genesis_29_47_209680_213000|yaakopv tengx laa mbaan zoux laangh
Genesis_29_48_213000_215360|laa mbaan gorngv mbuox yaakopv
Genesis_29_49_215360_223120|meih maiv dungx hnamv laaix zoux cien ceqv muoz doic oix zuqc baeqc baeqc tengx yie zoux gong
Genesis_29_50_223120_229560|meih oix longc gong zinh mbu ziex gunv mbuox yie
Genesis_29_51_229560_232240|laa mbaan maaih i dauh sieqv
Genesis_29_52_232240_235240|sieqv hlo heuc le aa
Genesis_29_53_235240_238320|sieqv faix heuc laasen
Genesis_29_54_238320_241960|le aa nyei m zing maiv nangc njang
Genesis_29_55_241960_246000|laasen aeqv ziangh duqv longx ziangh duqv nzueic
Genesis_29_56_246000_250920|yaakopv hnamv haic laasen ziouc gorngv mbuox laa mbaan
Genesis_29_57_250920_256520|se gorngv domh nauz laengz bun meih nyei sieqv faix laasen yie nor
Genesis_29_58_256520_260400|yie laengz tengx meih zoux siec hnyangx gong
Genesis_29_59_260400_262280|laa mbaan gorngv
Genesis_29_60_262280_266320|bungx bun meih se gauh longx bungx bun ganh dauh
Genesis_29_61_266320_270120|hnangv naaic gunv caux yie yiem aqv
Genesis_29_62_270120_277080|yaakopv tengx ninh nyei domh nauz zoux siec hnyangx gong weic bietv laasen
Genesis_29_63_277080_282600|ninh hnamv haic laasen ziouc haiz hnangv i ziex hnoi hnangv
Genesis_29_64_282600_284920|yaakopv gorngv mbuox laa mbaan
Genesis_29_65_284920_286120|ziangh hoc buangv aqv
Genesis_29_66_286120_289400|tov bun yie nyei auv yie
Genesis_29_67_289400_292600|weic bun yie duqv bieqc mingh caux ninh bueix
Genesis_29_68_292600_298040|laa mbaan ziouc mbenc cing jaa hnaangx
Genesis_29_69_298040_301520|cingv wuov norm dorngx nyei zuangx mienh daaih
Genesis_29_70_301520_305720|mv baac wuov muonz laa mbaan fungx ninh nyei sieqv
Genesis_29_90_368160_372880|laa mbaan bun ninh nyei sieqv faix yaakopv zoux auv
Genesis_29_91_372880_376880|laa mbaan aengx bun dauh ninh nyei nouh beiz
Genesis_29_92_376880_378880|mbuox heuc mbin haa
Genesis_29_93_378880_380760|zoux laasen nyei nouh beiz
Genesis_29_94_380760_388560|yaakopv ziouc duqv longc laasen zoux auv yaac hnamv laasen gauh camv le aa
Genesis_29_95_388560_391520|ninh aengx tengx laa mbaan zoux siec hnyangx laangh
Genesis_29_96_391520_393600|yaakopv nyei fu jueiv
Genesis_29_97_393600_401920|ziouv buatc yaakopv maiv hnamv le aa ziouc bun ninh haih maaih gu nguaaz
Genesis_29_98_401920_405880|laasen aeqv maiv haih maaih
Genesis_29_99_405880_411040|le aa ziouc maaih jienv sin
Genesis_29_100_411040_413480|yungz duqv dauh dorn ninh gorngv
Genesis_29_101_413480_416000|se weic zuqc ziouv buatc yie nyei kouv naanc
Genesis_29_102_416000_421880|ih zanc nziex yie nyei nqox oix hnamv yie mv bei
Genesis_29_103_421880_426920|ninh ziouc cuotv wuov dauh dorn nyei mbuox heuc lu mben
Genesis_29_104_426920_430440|le aa aengx maaih jienv sin
Genesis_29_105_430440_431720|yungz duqv dauh dorn
Genesis_29_106_431720_433440|ninh gorngv
Genesis_29_107_433440_442920|ziouv  bun yie aengx duqv naaiv dauh dorn weic zuqc ninh muangx haiz yie nyei nqox maiv hnamv yie
Genesis_29_108_442920_447840|le aa ziouc cuotv naaiv dauh dorn nyei mbuox heuc si me on
Genesis_29_109_447840_450720|le aa aengx maaih nzunc sin
Genesis_29_110_450720_453480|aengx yungz duqv dauh dorn ninh gorngv
Genesis_29_111_453480_455720|yie yungz duqv buo dauh dorn
Genesis_29_112_455720_460560|yie nyei nqox za gengh oix hnamv yie
Genesis_29_113_460560_464400|ninh aengx tengx wuov dauh dorn cuotv mbuox heuc lewi
Genesis_29_114_464400_468000|ninh aengx maaih jienv sin
Genesis_29_115_468000_470800|aengx yungz duqv dauh dorn
Genesis_29_116_470800_472800|ninh gorngv
Genesis_29_117_472800_476280|naaiv nzunc yie oix ceng ziouv
Genesis_29_118_476280_479840|ninh cuotv mbuox heuc yu ndaa
Genesis_29_119_479840_483480|ninh duqv liuz naaiv dauh dorn ziouc maiv yungz aqv
Genesis_30_1_4000_11320|laasen hiuv duqv ninh ganh maiv haih yungz gu nguaaz bun yaakopv
Genesis_30_2_11320_14680|ninh ziouc mueic jieqv ninh nyei dorc
Genesis_30_3_14680_17320|ninh gorngv mbuox yaakopv
Genesis_30_4_17320_19720|meih bun yie duqv fu jueiv maah
Genesis_30_5_19720_22280|maiv zei aeqv yie daic aqv
Genesis_30_6_22280_26200|yaakopv qiex jiez haic laasen ninh gorngv
Genesis_30_7_26200_28240|yie maiv zeiz tin hungh
Genesis_30_8_28240_32440|tin hungh ganh bun meih maiv haih maaih gu nguaaz
Genesis_30_9_32440_33880|laasen gorngv
Genesis_30_10_33880_36120|naaiv yie nyei nouh beiz
Genesis_30_11_36120_37400|mbin haa
Genesis_30_12_37400_39720|meih gunv caux ninh bueix maah
Genesis_30_13_39720_42320|ninh haih yungz gu nguaaz bun yie
Genesis_30_14_42320_48200|yie ziouc laaix ninh duqv dauh gu nguaaz funx yie nyei buonc
Genesis_30_15_48200_51440|laasen ziouc bun ninh nyei nouh beiz
Genesis_30_16_51440_52960|mbin haa
Genesis_30_17_52960_55360|ninh nyei nqox longc zoux auv
Genesis_30_18_55360_58320|yaakopv yaac caux ninh bueix
Genesis_30_19_58320_61680|mbin haa ziouc maaih jienv sin
Genesis_30_20_61680_65720|yungz duqv dauh dorn bun yaakopv
Genesis_30_21_65720_67760|laasen gorngv
Genesis_30_22_67760_70800|tin hungh siemv liuz dingc bun yie
Genesis_30_23_70800_75960|yaac haiz yie jouh nyei waac ziouc bun dauh dorn yie
Genesis_30_24_75960_81360|laasen ziouc tengx wuov dauh dorn cuotv mbuox heuc ndaan
Genesis_30_25_81360_84160|laasen nyei nouh beiz mbin haa
Genesis_30_26_84160_86160|aengx maaih jienv sin
Genesis_30_27_86160_90040|yungz duqv da nyeic dauh dorn bun yaakopv
Genesis_30_28_90040_91920|laasen gorngv
Genesis_30_29_91920_96480|yie caux yie nyei dorc nzaeng domh jaax yaac nzaeng duqv hingh
Genesis_30_30_96480_102080|ninh tengx wuov dauh dorn cuotv mbuox heuc napv taa li
Genesis_30_31_102080_105760|le aa hiuv duqv ninh ganh maiv yungz gu nguaaz aqv
Genesis_30_32_105760_111200|ninh ziouc bun ninh nyei nouh beiz sinx baa yaakopv longc zoux auv
Genesis_30_33_111200_115520|sinx baa yaac yungz duqv dauh dorn bun yaakopv
Genesis_30_34_115520_118240|le aa gorngv
Genesis_30_35_118240_120520|yie gengh maengc longx
Genesis_30_36_120520_124840|ninh ziouc tengx wuov dauh dorn cuotv mbuox heuc gaatc
Genesis_30_37_124840_130880|le aa nyei nouh beiz sinx baa aengx yungz duqv da nyeic dauh dorn bun yaakopv
Genesis_30_38_130880_132520|le aa gorngv
Genesis_30_39_132520_135240|yie njien youh haic aqv
Genesis_30_40_135240_139160|zuangx m sieqv dorn yaac oix gorngv yie njien youh haic
Genesis_30_41_139160_144320|ninh ziouc tengx wuov dauh dorn cuotv mbuox heuc aa se
Genesis_30_42_144320_146760|gaatv mbiauh witv nyei ziangh hoc
Genesis_30_43_146760_149560|lu mben mingh saau wuov ndeic
Genesis_30_44_149560_153240|buatc zungh ndu ndaa im jieh
Genesis_30_45_153240_156760|ninh ziouc dorh daaih bun ninh nyei maa le aa
Genesis_30_46_156760_159600|laasen gorngv mbuox ninh nyei dorc
Genesis_30_47_159600_164920|tov bun deix dorc nyei dorn nyei ndu ndaa im jieh yie maah
Genesis_30_48_164920_166480|le aa dau
Genesis_30_49_166480_168920|yie nyei nqox meih zungv nzaeng mingh aqv
Genesis_30_50_168920_171800|corc maiv gaengh gaux
Genesis_30_51_171800_176480|meih aengx oix nzaeng yie nyei dorn nyei ndu ndaa im jieh
Genesis_30_52_176480_178280|laasen gorngv
Genesis_30_53_178280_182360|meih bun deix meih nyei dorn nyei ndu ndaa im jieh yie nor
Genesis_30_54_182360_187480|ih muonz yie bun yaakopv caux meih bueix
Genesis_30_55_187480_189040|hmuangx deix
Genesis_30_56_189040_191360|yaakopv yiem ndeic nzuonx
Genesis_30_57_191360_193600|le aa mingh zipv ninh gorngv
Genesis_30_58_193600_197440|ih muonz meih oix zuqc caux yie bueix
Genesis_30_59_197440_202760|yie dorh yie nyei dorn nyei ndu ndaa im jieh yienc meih mi aqv
Genesis_30_60_202760_205880|wuov muonz yaakopv ziouc caux le aa bueix
Genesis_30_61_205880_210640|tin hungh dau le aa jouh ninh nyei waac
Genesis_30_62_210640_212800|le aa aengx maaih jienv sin
Genesis_30_63_212800_216360|yungz duqv da hmz dauh dorn bun yaakopv
Genesis_30_64_216360_217880|le aa gorngv
Genesis_30_65_217880_222680|weic zuqc yie bun yie nyei nouh beiz yie nyei nqox longc tin hungh bun zingh nyeic yie
Genesis_30_66_222680_229000|ninh cuotv wuov dauh dorn nyei mbuox heuc itc saax kaa
Genesis_30_67_229000_235640|le aa aengx maaih jienv sin yungz duqv da luoqc dauh dorn bun yaakopv
Genesis_30_68_235640_237440|le aa gorngv
Genesis_30_69_237440_241520|tin hungh bun longx haic nyei zingh nyeic yie
Genesis_30_70_241520_249480|ih zanc yie nyei nqox ndongc haaix yaac oix taaih yie weic zuqc yie yungz duqv juqv dauh dorn bun ninh
Genesis_30_71_249480_255960|ninh cuotv ninh nyei dorn nyei mbuox heuc se mbu lun
Genesis_30_72_255960_261840|nqa haav le aa aengx yungz duqv dauh sieqv yaac cuotv mbuox heuc ndinaa
Genesis_30_73_261840_265360|zoux gau tin hungh jangx taux laasen
Genesis_30_74_265360_268680|aengx dau ninh jouh nyei waac
Genesis_30_75_268680_272840|bun ninh haih maaih gu nguaaz ninh ziouc maaih jienv sin
Genesis_30_76_272840_275600|yungz duqv dauh dorn ninh gorngv
Genesis_30_77_275600_278000|tin hungh bun dauh dorn yie
Genesis_30_78_278000_281720|tengx yie buang hmien maiv zuqc diev nyaiv
Genesis_30_79_281720_285320|tov tin hungh aengx bun dauh dorn yie
Genesis_30_80_285320_288960|ninh ziouc cuotv mbuox heuc yosepv
Genesis_30_120_430840_434960|laa mbaan dau longx aqv
Genesis_30_121_434960_437280|hnangv meih gorngv nor zoux
Genesis_30_122_437280_442920|dongh wuov hnoi laa mbaan mingh dimv mangc ninh nyei yungh
Genesis_30_123_442920_445640|yungh gouv ben nyei
Genesis_30_124_445640_447040|maaih diemv nyei
Genesis_30_125_447040_448960|ninh ginv cuotv
Genesis_30_126_448960_461120|yungh nyeiz maaih diemv cou diemv muonc caux dauh dauh maaih baeqc zorpc jienv caux yietc zungv ba gi yungh dorn jieqv ninh yaac ginv cuotv
Genesis_30_127_461120_465960|naaiv deix yietc zungv ninh jiu bun ninh ganh nyei dorn mbuo goux
Genesis_30_128_465960_472160|yaac horngh jienv mingh leih yaakopv buo hnoi nyei jauv
Genesis_30_129_472160_474720|yaakopv aeqv
Genesis_30_130_474720_479640|corc goux jienv laa mbaan zengc njiec nyei ba gi yungh caux yungh guanh
Genesis_30_131_479640_494360|yaakopv mingh jamv borpc laah an man caux pa len ndiangx nquaah nyiemz daaih nqenx qongx nqaeqv qongx ndiangx ndopv guangc
Genesis_30_132_494360_498280|bun ndiangx orv cuotv daaih baeqc nyei ben nyei
Genesis_30_133_498280_506440|ninh ziouc dorh naaiv deix zoux ben nyei ndiangx nquaah an jienv saeng kuv nyei nza hmien
Genesis_30_134_506440_509000|wuom zoh gu nyuoz
Genesis_30_135_509000_513320|saeng kuv saeng nyei ziangh hoc daaih hopv wuom
Genesis_30_136_513320_519560|ninh mbuo ziouc yiem naaiv deix ndiangx nyei nza hmien maengx daapv zuangv
Genesis_30_137_519560_522560|ninh mbuo yaac njiec dorn ben nyei
Genesis_30_138_522560_525960|maaih diemv cou fai diemv muonc nyei
Genesis_30_139_525960_532440|yaakopv zorqv yungh caux ba gi yungh dorn bun nqoi ganh ca lengc an norm dorngx
Genesis_30_140_532440_539720|ba gi yungh caux yungh ninh bun hungx mingh laa mbaan nyei ba gi yungh jieqv caux ben wuov bung
Genesis_30_141_539720_544200|ninh hnangv naaiv nor zoux bun ganh nyei ba gi yungh hiaangx
Genesis_30_142_544200_551480|ninh nyei buonc yungh caux ba gi yungh ganh ca lengc an norm dorngx maiv bun zorpc laa mbaan nyei
Genesis_30_143_551480_560440|haaix zanc henv nyei wuov deix saeng kuv daapv zuangv ninh zorqv wuov deix ndiangx nquaah don jienv nza hmien maengx
Genesis_30_144_560440_561920|wuom zoh gu nyuoz
Genesis_30_145_561920_567240|ninh mbuo yiem naaiv deix ndiangx nyei ga hlen daapv zuangv
Genesis_30_146_567240_576320|mv baac maiv henv wuov deix daapv zuangv ninh maiv zorqv naaiv deix ndiangx nquaah don nza hmien maengx
Genesis_30_147_576320_579880|hnangv naaic maiv henv wuov deix benx laa mbaan nyei
Genesis_30_148_579880_583400|henv wuov deix benx nzengc yaakopv nyei
Genesis_30_149_583400_588640|yaakopv gunv zoux gunv butv zoih maaih yungh maaih ba gi yungh
Genesis_30_150_588640_591240|maaih nouh gauv nouh beiz
Genesis_30_151_591240_595400|maaih lorh torh maaih lorh nyungc nyungc zungv maaih camv
Genesis_31_1_6000_11320|yaakopv haiz gorngv laa mbaan nyei dorn ngopv
Genesis_31_2_11320_13080|ninh mbuo gorngv
Genesis_31_3_13080_16960|yaakopv nzaeng nzengc aa die nyei jaa dingh ga naaiv
Genesis_31_4_16960_22960|ninh butv zoih daaih maaih nyei nyungc nyungc se yiem mbuo nyei die daaih
Genesis_31_5_22960_30120|yaakopv yaac zieqv duqv laa mbaan nyei eix leiz maiv hnangv zinh ndaangc wuov nor
Genesis_31_6_30120_32280|pioux camv haic aqv
Genesis_31_7_32280_34400|ziouv gorngv mbuox yaakopv
Genesis_31_8_34400_38560|nzuonx meih nyei cien ceqv nyei deic bung wuov oc
Genesis_31_9_38560_41120|yie oix caux meih yiem
Genesis_31_10_41120_51080|yaakopv ziouc bun waac mingh mbuox laasen caux le aa daaih ninh nyei ba gi yungh yiem nyei ciangv
Genesis_31_11_51080_54560|yaakopv gorngv mbuox ninh nyei auv mbuo
Genesis_31_12_54560_60840|yie buatc meih nyei die nyei eix leiz caux yie maiv hnangv zinh ndaangc
Genesis_31_13_60840_66200|mv baac yie nyei die nyei tin hungh caux yie yiem
Genesis_31_14_66200_72480|meih mbuo yaac hiuv duqv yie longc nzengc qaqv tengx meih mbuo nyei die zoux gong
Genesis_31_15_72480_76240|mv baac meih mbuo nyei die corc pienx yie
Genesis_31_16_76240_80720|ninh tiuv yie nyei gong zinh duqv ziepc nzunc aqv
Genesis_31_17_80720_85680|mv baac tin hungh maiv bun ninh zoux haaix nyungc hoic yie
Genesis_31_18_85680_87680|se gorngv ninh gorngv
Genesis_31_19_87680_92600|yungh maaih diemv nyei oix zuqc funx meih nyei gong zinh
Genesis_31_20_92600_97280|yietc zungv yungh njiec dorn maaih diemv nyei hnangv
Genesis_31_21_97280_98960|se gorngv ninh gorngv
Genesis_31_22_98960_104600|yungh ben oix zuqc funx meih nyei gong zinh
Genesis_31_23_104600_108840|ziangh guanh yungh ziouc kungx njiec dorn ben nyei hnangv
Genesis_31_24_108840_118240|hnangv naaic tin hungh zorqv meih nyei die nyei buonc saeng kuv bun yie nzengc mi aqv
Genesis_31_25_118240_120720|yungh saeng nyei ziangh hoc
Genesis_31_26_120720_126200|yie mbeix buatc tiux yungh nyeiz nyei yungh gouv
Genesis_31_27_126200_130680|maaih deix ben nyei maaih deix maaih diemv cou nyei
Genesis_31_28_130680_134120|maaih deix maaih diemv muonc nyei
Genesis_31_29_134120_136000|mbeix buatc jienv nyei ziangh hoc
Genesis_31_30_136000_139400|tin hungh nyei fin mienh heuc yie
Genesis_31_31_139400_141120|yaakopv aac
Genesis_31_32_141120_142800|yie dau
Genesis_31_33_142800_144080|oeix
Genesis_31_34_144080_146480|yie yiem naaiv oc
Genesis_31_35_146480_147760|ninh gorngv
Genesis_31_36_147760_148680|mangc gaax maah
Genesis_31_37_148680_154600|tiux yungh nyeiz nyei yietc zungv yungh gouv maaih deix ben nyei
Genesis_31_38_154600_157160|maaih deix diemv muonc nyei
Genesis_31_39_157160_159760|maaih deix diemv cou nyei
Genesis_31_40_159760_165800|weic zuqc laa mbaan zoux bun meih nyei yietc zungv yie buatc nzengc
Genesis_31_41_165800_173560|yie se tin hungh dongh yiem mbetc en hinc cuotv bun meih buatc wuov dauh
Genesis_31_42_173560_180360|yiem mbetc en meih liepc norm la bieiv don jienv dox youh fungx bun yie
Genesis_31_43_180360_183760|yaac yiem wuov laengz jiez ngaengc waac
Genesis_31_44_183760_185640|mingh aqv
Genesis_31_45_185640_191920|ih zanc cuotv naaiv norm deic bung nzuonx meih cuotv seix nyei deic bung
Genesis_31_46_191920_195320|laasen caux le aa dau yaakopv
Genesis_31_47_195320_201720|yie mbuo nyei die nyei jaa dingh ih zanc zungv maiv maaih yie mbuo nzipc nyei buonc
Genesis_31_48_201720_206160|ninh zoux bun yie mbuo hnangv benx ganh fingx mienh nor
Genesis_31_49_206160_210320|ninh yaac maaic yie mbuo nyei m nqorngv daaih yaac naqv nzengc mi aqv
Genesis_31_50_210320_218880|tin hungh bun meih duqv yie mbuo nyei die nyei ga naaiv se benx yie mbuo nyei yaac benx yie mbuo nyei fu jueiv nyei
Genesis_31_51_218880_224520|ih zanc tin hungh hnangv haaix nor mbuox meih
Genesis_31_52_224520_226680|gunv hnangv wuov nor zoux
Genesis_31_53_226680_229560|yaakopv ziouc mbenc ziangx ga naaiv
Genesis_31_54_229560_234080|ninh bun ninh nyei auv jueiv geh jienv lorh torh
Genesis_31_55_234080_237880|yaac zunc jienv saeng kuv mingh ndaangc
Genesis_31_56_237880_251240|aengx dorh jienv ninh yiem batc ndaan aalam zornc duqv daaih nyei yietc zungv ga naaiv cuotv jauv nzuonx kaa naa an deic bung ninh nyei die i sakc wuov
Genesis_31_57_251240_256640|wuov zanc laa mbaan cuotv mingh japv ninh nyei ba gi yungh biei
Genesis_31_58_256640_264760|laasen bangc wuov norm ziangh hoc nimc ninh nyei die yiem biauv zaangc nyei miuc fangx
Genesis_31_59_264760_270320|yaakopv yaac nduov ninh nyei ong daa aalam mienh laa mbaan
Genesis_31_60_270320_274120|weic zuqc ninh bingx jienv biaux maiv mbuox
Genesis_31_61_274120_281440|ninh dorh jienv ninh maaih nyei yietc zungv ga naaiv biaux jiex ziqc yu fe ditc ndaaih
Genesis_31_62_281440_287160|hungx jienv gi le aatc nyei mbong aiv dorngx mingh
Genesis_31_63_287160_289800|laa mbaan zunc yaakopv
Genesis_31_64_289800_292840|yaakopv biaux mingh duqv buo hnoi
Genesis_31_65_292840_295080|laa mbaan cingx hiuv duqv
Genesis_31_66_295080_298680|ninh ziouc dorh jienv ninh nyei gorx youz mingh zunc
Genesis_31_67_298680_303120|zunc siec hnoi ziouc zunc zaaic yiem gi le aatc nyei mbong aiv dorngx
Genesis_31_68_303120_311200|wuov muonz laa mbaan mbeix buatc tin hungh daaih gorngv mbuox ninh
Genesis_31_69_311200_312920|faix fim oc
Genesis_31_70_312920_315080|maiv gunv longx fai ciouv
Genesis_31_71_315080_317360|maiv dungx gorngv haaix nyungc bun yaakopv
Genesis_31_72_317360_321400|laa mbaan zunc zaaic yaakopv wuov zanc
Genesis_31_73_321400_328320|yaakopv corng jienv ndopv liuh yiem gi le aatc nyei mbong aiv dorngx
Genesis_31_74_328320_336280|laa mbaan caux gan ninh mingh nyei gorx youz yaac corng jienv ninh mbuo nyei ndopv liuh wuov
Genesis_31_75_336280_338240|laa mbaan gorngv mbuox yaakopv
Genesis_31_76_338240_341560|meih fungc hnangv naaiv zoux
Genesis_31_77_341560_352920|meih nduov yie aengx guaaiv jienv yie nyei sieqv biaux hnangv mborqv jaax caangv duqv daaih nyei m sieqv dorn nor
Genesis_31_78_352920_355720|meih fungc hnangv naaiv nor nduov yie
Genesis_31_79_355720_359160|bingx jienv biaux yaac maiv mbuox yietc joux yie
Genesis_31_80_359160_361800|se gorngv yie hiuv nor
Genesis_31_81_361800_369160|yie zoux nauc nyitc bun mienh baaux nzung mborqv lorh mborqv nzoz patv daanh baah
Genesis_31_82_369160_372680|fungx meih mbuo njien youh nyei cuotv jauv
Genesis_31_83_372680_377920|meih liemh maiv bun yie duqv zom yie nyei fun caux yie nyei sieqv
Genesis_31_84_377920_381360|naaiv meih zoux nyei jauv za gengh hngongx haic
Genesis_31_85_381360_384280|ih zanc meih yiem yie nyei buoz ndiev
Genesis_31_86_384280_387920|yie oix zoux haaix nyungc hoic meih se zoux duqv nyei
Genesis_31_87_387920_394480|mv baac a hmuangx meih nyei die nyei tin hungh box mbeix mbuox yie
Genesis_31_88_394480_396640|maiv gunv longx fai ciouv
Genesis_31_89_396640_401400|maiv dungx gorngv haaix nyungc bun yaakopv
Genesis_31_90_401400_408080|yie hiuv duqv meih nyei hnyouv oix nzuonx meih nyei die nyei biauv cingx daaih biaux
Genesis_31_91_408080_414880|mv baac meih weic haaix diuc nimc yie yiem biauv zaangc nyei miuc fangx
Genesis_31_92_414880_417080|yaakopv dau laa mbaan
Genesis_31_93_417080_420840|yie gamh nziex meih oix zorqv meih nyei sieqv nzuonx
Genesis_31_94_420840_423480|mv baac meih nyei miuc fangx aeqv
Genesis_31_95_423480_425720|se gorngv lorz buatc yiem haaix dauh
Genesis_31_96_425720_428800|maiv dungx liouh ninh nyei maengc aqv
Genesis_31_97_428800_435240|dorng jienv yie mbuo nyei zuangx gorx youz sou cuotv meih nyei haaix nyungc ga naaiv gunv zorqv nzuonx aqv
Genesis_31_98_435240_443160|yaakopv maiv hiuv duqv laasen nimc ninh nyei die nyei miuc fangx
Genesis_31_99_443160_456040|laa mbaan ziouc bieqc yaakopv nyei ndopv liuh caux le aa nyei ndopv liuh caux wuov deix i dauh nouh beiz nyei ndopv liuh sou mv baac sou maiv cuotv ninh nyei miuc fangx
Genesis_31_100_456040_461120|ninh yiem le aa nyei ndopv liuh cuotv daaih aengx bieqc laasen nyei ndopv liuh
Genesis_31_101_461120_468360|laasen zorqv wuov deix yiem biauv zaangc nyei miuc fangx dapv jienv lorh torh nyei dorx
Genesis_31_102_468360_470800|ninh ganh aeqv zueiz jienv gu nguaaic
Genesis_31_103_470800_476240|laa mbaan sou nzengc laasen nyei ndopv liuh mv baac lorz maiv buatc
Genesis_31_104_476240_478440|laasen gorngv mbuox ninh nyei die
Genesis_31_105_478440_479480|aa die aac
Genesis_31_106_479480_481600|meih maiv dungx nouz yie oc
Genesis_31_107_481600_485400|yie horpc zuqc jiez sin zipv die
Genesis_31_108_485400_490040|mv baac yie nyei sin yienc taux yie jiez maiv duqv sin
Genesis_31_109_490040_496840|laa mbaan sou nzengc ga naaiv yaac lorz maiv buatc ninh yiem biauv zaangc nyei miuc fangx
Genesis_31_110_496840_500360|yaakopv qiex jiez haic ziouc gorngv laa mbaan
Genesis_31_111_500360_502480|yie zoux haaix nyungc dorngc meih
Genesis_31_112_502480_505000|ziqc zuiz meih
Genesis_31_113_505000_509080|meih cingx qaqv zunc jienv yie daaih
Genesis_31_114_509080_515640|meih sou nzengc yie nyei ga naaiv meih buatc haaix nyungc zeiz meih nyei ga naaiv
Genesis_31_115_515640_518440|zorqv cuotv daaih an jienv naaiv maah
Genesis_31_116_518440_522560|bun meih nyei mienh caux yie nyei mienh lomh nzoih mangc
Genesis_31_117_522560_528440|ninh mbuo ziouc hiuv duqv yie caux meih haaix dauh zoux horpc
Genesis_31_118_528440_532360|yie caux meih yiem duqv nyic ziepc hnyangx aqv
Genesis_31_119_532360_536280|meih nyei ba gi yungh caux yungh maiv mbaang jiex dorn
Genesis_31_120_536280_545000|yietc dauh meih nyei ba gi yungh gouv fai yungh gouv yie maiv nyanc jiex
Genesis_31_121_545000_547840|se gorngv hieh ga naaiv ngaatc
Genesis_31_122_547840_550040|yie maiv dorh mingh bun meih mangc
Genesis_31_123_550040_553240|yie ganh laengz ndortv hnangv
Genesis_31_124_553240_555320|janx zaqc nimc haaix nyungc
Genesis_31_125_555320_558400|maiv gunv lungh hnoi zanc fai lungh muonz zanc
Genesis_31_126_558400_561560|meih zungv heuc yie ganh tipv
Genesis_31_127_561560_565280|lungh hnoi zanc yie diev nyutc pui
Genesis_31_128_565280_567240|diev yuoqv
Genesis_31_129_567240_569360|lungh muonz zanc yaac diev juangv
Genesis_31_130_569360_571120|guangc m njormh jaax
Genesis_31_131_571120_576160|yie hnangv naaiv nor caux meih yiem buangv nyic ziepc hnyangx
Genesis_31_132_576160_580800|yie zoux gong ziepc feix hnyangx bietv meih nyei i dauh sieqv longc
Genesis_31_133_580800_584680|aengx zoux juqv hnyangx bietv meih nyei saeng kuv
Genesis_31_134_584680_588360|meih corc tiuv yie nyei gong zinh duqv ziepc nzunc mi aqv
Genesis_31_135_588360_594400|se gorngv maiv zeiz yie nyei die nyei tin hungh apc laa ham nyei tin hungh
Genesis_31_136_594400_597440|dongh i sakc zaangc nyei tin hungh
Genesis_31_137_597440_599040|caux yie yiem nor
Genesis_31_138_599040_603560|meih zungv bun yie kungx buoz baeqc zaux nyei cuotv hnangv
Genesis_31_139_603560_611360|mv baac tin hungh buatc yie nyei kouv zingh caux yie nyei buoz zoux nyei gong
Genesis_31_140_611360_614120|a hmuangx ninh ziouc baav jienv meih
Genesis_31_141_614120_619240|yaakopv caux laa mbaan laengz jiez ngaengc waac
Genesis_31_142_619240_621240|laa mbaan dau yaakopv
Genesis_31_143_621240_623520|naaiv deix sieqv se yie nyei sieqv
Genesis_31_144_623520_627040|naaiv deix fu jueiv yaac yie nyei
Genesis_31_145_627040_631480|naaiv deix yungh guanh caux ba gi yungh guanh yaac yie nyei
Genesis_31_146_631480_636560|meih buatc jienv nyei yietc zungv se yie nyei
Genesis_31_147_636560_642320|ih hnoi yie haih zoux haaix nyungc tengx yie nyei sieqv caux ninh mbuo nyei fu jueiv
Genesis_31_148_642320_643560|daaih maah
Genesis_31_149_643560_649560|meih caux yie oix zuqc liepc jiez ngaengc waac weic tengx mbuo i dauh zoux zorng zengx
Genesis_31_150_649560_656400|yaakopv ziouc zorqv norm la bieiv liepc jiez daaih don jienv zoux jangx hoc
Genesis_31_151_656400_658080|aengx mbuox ninh nyei mienh
Genesis_31_152_658080_660160|nzauz la bieiv daaih maah
Genesis_31_153_660160_664440|ninh mbuo ziouc nzauz la bieiv daaih ndui jienv aqv
Genesis_31_154_664440_670800|ndui liuz ninh mbuo ziouc lomh nzoih yiem wuov la bieiv ndui nyei ga hlen nyanc hnaangx
Genesis_31_155_670800_678200|laa mbaan cuotv wuov norm dorngx nyei mbuox heuc yegaa saax haax ndu taa
Genesis_31_156_678200_682360|mv baac yaakopv cuotv mbuox heuc gaa le etc
Genesis_31_157_682360_684360|laa mbaan gorngv
Genesis_31_158_684360_688760|ih hnoi naaiv ndui la bieiv zoux mbuo i dauh nyei zorng zengx
Genesis_31_159_688760_692960|weic naaiv wuov norm dorngx heuc gaa le etc
Genesis_31_160_692960_696120|aengx duqv mbuox heuc mitv baa
Genesis_31_161_696120_698640|weic zuqc laa mbaan gorngv
Genesis_31_162_698640_705120|mbuo leih nqoi doic mv baac tov ziouv yiem meih caux yie mbuo mbu ndongx zuov jienv
Genesis_31_163_705120_708280|se gorngv meih zoux doqc yie nyei sieqv
Genesis_31_164_708280_713400|fai cuotv liuz yie nyei sieqv meih aengx ganh longc dauh auv
Genesis_31_165_713400_715840|maiv gunv yie maiv hiuv
Genesis_31_166_715840_721400|jangx jienv oc maaih tin hungh tengx meih caux yie zoux zorng zengx
Genesis_31_167_721400_724400|laa mbaan aengx gorngv mbuox yaakopv
Genesis_31_168_724400_725680|mangc gaax
Genesis_31_169_725680_732840|naaiv se yie ndui nyei la bieiv caux don jienv nyei la bieiv dongc yiem meih caux yie mbu ndongx
Genesis_31_170_732840_739760|naaiv ndui la bieiv caux naaiv norm la bieiv dongc zoux zorng zengx tengx mbuo jangx zuqc
Genesis_31_171_739760_744200|yie maiv jiex meih wuov bung zoux haaix nyungc hoic meih
Genesis_31_172_744200_746920|meih yaac maiv jiex naaiv bung zoux haaix nyungc hoic yie
Genesis_31_173_746920_753400|tov apc laa ham nyei tin hungh caux naa ho nyei tin hungh
Genesis_31_174_753400_756480|dongh ninh mbuo nyei die nyei tin hungh
Genesis_31_175_756480_758480|tengx mbuo dunx sic
Genesis_31_176_758480_767480|yaakopv ziouc ziangv jienv dongh ninh nyei die i sakc zaangc nyei tin hungh nyei mbuox laengz jiez ngaengc waac
Genesis_31_177_767480_776960|ninh yaac yiem wuov norm mbong aiv longc saeng kuv ziec bun tin hungh yaac heuc ninh nyei gorx youz daaih lomh nzoih nyanc hnaangx
Genesis_31_178_776960_779360|nyanc liuz
Genesis_31_179_779360_782320|ninh mbuo ziangh muonz yiem wuov norm mbong
Genesis_31_180_782320_785080|da nyeic ndorm nziouv nyei
Genesis_31_181_785080_791840|laa mbaan zom ninh nyei sieqv caux ninh nyei fun yaac buang waac ninh mbuo
Genesis_31_182_791840_794760|ziouc cuotv jauv nzuonx biauv aqv
Genesis_32_1_8000_11440|yaakopv gan jienv jauv mingh wuov zanc
Genesis_32_2_11440_15680|maaih deix tin hungh nyei fin mienh daaih buangh ninh
Genesis_32_3_15680_18840|yaakopv buatc fin mienh ninh gorngv
Genesis_32_4_18840_21520|naaiv se tin hungh nyei baeng
Genesis_32_5_21520_27040|ninh ziouc cuotv wuov norm dorngx nyei mbuox heuc maa haa naa im
Genesis_32_6_27040_33520|yaakopv paaiv deix douc fienx mienh mingh ndaangc taux se i deic
Genesis_32_7_33520_35200|e ndom deic bung
Genesis_32_8_35200_37960|lorz ninh nyei gorx esaau
Genesis_32_9_37960_40560|ninh yaac njaaux ziangx waac ninh mbuo
Genesis_32_10_40560_41880|ninh gorngv
Genesis_32_11_41880_47080|meih mbuo oix zuqc hnangv naaiv nor mbuox yie nyei ziouv esaau oc
Genesis_32_12_47080_48600|mbuox ninh
Genesis_32_13_48600_51120|meih nyei bou yaakopv gorngv
Genesis_32_14_51120_55320|yie mingh caux laa mbaan yiem taux ih zanc
Genesis_32_15_55320_56640|yie maaih ngongh
Genesis_32_16_56640_57680|lorh
Genesis_32_17_57680_59040|ba gi yungh
Genesis_32_18_59040_60640|caux yungh
Genesis_32_19_60640_62320|maaih nouh gauv
Genesis_32_20_62320_63720|nouh beiz
Genesis_32_21_63720_66680|yie paaiv mienh mingh mbuox meih
Genesis_32_22_66680_68240|yie nyei ziouv
Genesis_32_23_68240_71720|tov meih nqoi fim nqoi eix bun yie
Genesis_32_24_71720_77880|douc fienx mienh nzuonx taux yaakopv wuov gorngv
Genesis_32_25_77880_82280|yie mbuo taux meih nyei gorx esaau wuov mi aqv
Genesis_32_26_82280_85440|ih zanc ninh daaih buangh meih
Genesis_32_27_85440_90600|aengx maaih feix baeqv dauh mienh caux jienv ninh daaih
Genesis_32_28_90600_94360|yaakopv gamh nziex haic yaac nzauh haic aqv
Genesis_32_29_94360_98480|ziouc zorqv gan ninh daaih nyei mienh caux ngongh guanh
Genesis_32_30_98480_100440|ba gi yungh guanh
Genesis_32_31_100440_101560|yungh guanh
Genesis_32_32_101560_106680|caux lorh torh bun nqoi zoux i guanh
Genesis_32_33_106680_108600|ninh yiem hnyouv hnamv
Genesis_32_34_108600_113080|se gorngv esaau daaih zoux waaic daauh guanh
Genesis_32_35_113080_116760|da nyeic guanh corc haih biaux duqv ndutv
Genesis_32_36_116760_119040|yaakopv daux gaux gorngv
Genesis_32_37_119040_120520|yie nyei ong
Genesis_32_38_120520_122120|apc laa ham
Genesis_32_39_122120_125600|nyei tin hungh caux yie nyei die
Genesis_32_40_125600_128600|i sakc nyei tin hungh aac
Genesis_32_41_128600_130200|o ziouv
Genesis_32_42_130200_135440|meih mbuox yie nzuonx yie ganh nyei buonv deic bung
Genesis_32_43_135440_139680|yie nyei cien ceqv muoz doic nyei dorngx
Genesis_32_44_139680_142880|meih yaac oix bun yie duqv longx
Genesis_32_45_142880_146200|yie maiv puix meih ndongc naaiv korv lienh
Genesis_32_46_146200_149160|ziepc zuoqv nyei zoux bun yie
Genesis_32_47_149160_150760|meih nyei bou
Genesis_32_48_150760_159360|jiex jor ndaen ndaaih wuov zanc yie kungx maaih nduqc diuh biaav mbiaac hnangv
Genesis_32_49_159360_165720|ih zanc yie aengx nzuonx maaih naaiv deix i guanh mienh caux saeng kuv
Genesis_32_50_165720_174920|tov meih njoux yie biaux ndutv yie nyei gorx esaau nyei buoz ndiev weic zuqc yie gamh nziex ninh oix daaih daix nzengc yie mbuo
Genesis_32_51_174920_179480|liemh m sieqv dorn caux fu jueiv daix nzengc
Genesis_32_52_179480_181200|ziouv gorngv jiex
Genesis_32_53_181200_189320|yie oix bun meih duqv longx yaac bun meih nyei zeiv fun ndongc koiv hlen nyei saa ziou camv
Genesis_32_54_189320_192680|zungv saauv maiv zienz
Genesis_32_55_192680_196480|yaakopv fungx zingh nyei bun esaau
Genesis_32_56_196480_206600|wuov muonz yaakopv hitv wuov norm dorngx ninh ginv cuotv deix ninh maaih nyei ga naaiv zoux zingh nyeic bun ninh nyei gorx esaau
Genesis_32_57_206600_211000|ninh zorqv cuotv nyic baeqv dauh yungh nyeiz
Genesis_32_58_211000_213320|nyic ziepc dauh yungh gouv
Genesis_32_59_213320_217080|caux nyic baeqv dauh ba gi yungh nyeiz
Genesis_32_60_217080_219800|nyic ziepc dauh ba gi yungh gouv
Genesis_32_61_219800_224480|caux faah ziepc dauh lorh torh dorh jienv dorn nyei
Genesis_32_62_224480_227680|caux feix ziepc dauh ngongh nyeiz
Genesis_32_63_227680_229640|ziepc dauh ngongh gouv
Genesis_32_64_229640_232840|caux nyic ziepc dauh lorh nyeiz
Genesis_32_65_232840_234920|ziepc dauh lorh gouv
Genesis_32_66_234920_238720|ninh bun nqoi yietc nyungc zoux yietc guanh
Genesis_32_67_238720_242280|yietc guanh bun yietc dauh bou goux
Genesis_32_68_242280_244080|ninh aengx mbuox bou
Genesis_32_69_244080_248240|meih oix zuqc horngh saeng kuv mingh ndaangc yie
Genesis_32_70_248240_254080|yietc guanh caux yietc guanh oix zuqc leih saa deix
Genesis_32_71_254080_257440|yaakopv yaac gorngv mbuox mingh ndaangc wuov dauh
Genesis_32_72_257440_262800|buangh zuqc yie nyei gorx esaau wuov zanc ninh naaic gaax meih
Genesis_32_73_262800_265160|meih nyei ziouv dongh haaix dauh
Genesis_32_74_265160_267640|caux  meih mingh haaix
Genesis_32_75_267640_271880|mingh ndaangc naaiv deix saeng kuv se haaix dauh nyei
Genesis_32_76_271880_274440|oix zuqc hnangv naaiv nor dau
Genesis_32_77_274440_277320|dongh meih nyei bou yaakopv nyei
Genesis_32_78_277320_283400|ninh fungx naaiv deix saeng kuv daaih zoux zingh nyeic bun ninh nyei ziouv esaau
Genesis_32_79_283400_286800|yaakopv ganh yaac gan jienv nqa haav daaih
Genesis_32_80_286800_295600|yaakopv njaaux ziangx da nyeic caux da faam aengx caux dauh dauh horngh saeng kuv nyei mienh
Genesis_32_81_295600_300440|buangh esaau nyei ziangh hoc oix zuqc dongh joux waac gorngv
Genesis_32_82_300440_302480|meih mbuo oix zuqc gorngv
Genesis_32_83_302480_307360|meih nyei bou yaakopv gan jienv yie mbuo nqa haav daaih
Genesis_32_84_307360_310400|weic zuqc yaakopv yiem hnyouv hnamv
Genesis_32_85_310400_315480|yie fungx zingh nyeic mingh ndaangc nunz jienv ninh nyei hnyouv
Genesis_32_86_315480_320480|yie duqv buatc ninh nyei hmien nziex ninh caux yie zoux horpc mv bei
Genesis_32_87_320480_323560|yaakopv fungx zingh nyeic mingh ndaangc
Genesis_32_88_323560_324800|ninh ganh aeqv
Genesis_32_89_324800_328120|aengx bueix muonz wuov ndopv liuh ciangv
Genesis_32_90_328120_331880|yaakopv yiem be ni en borngz jaax
Genesis_32_91_331880_336000|wuov muonz yaakopv jiez sin dorh ninh nyei i dauh auv
Genesis_32_92_336000_337680|i dauh nouh beiz
Genesis_32_93_337680_341400|caux ninh nyei ziepc yietv dauh fu jueiv
Genesis_32_94_341400_347840|yangh yapv mborkc ndaaih nyei jauv bouc jiex wuov ngaanc ziqc yapv mborkc ndaaih
Genesis_32_95_347840_355560|ninh aengx fungx ninh nyei yietc zungv ga naaiv jiex nzengc kungx zengc ninh ganh yiem wuov hnangv
Genesis_32_96_355560_361680|aengx maaih dauh mienh daaih caux ninh borngz jaax taux lungh aav lamh njang
Genesis_32_97_361680_365120|wuov dauh mienh haiz ninh borngz maiv hingh yaakopv
Genesis_32_98_365120_370000|ninh ziouc muoqv yaakopv nyei camh zuih mbungv piatv mingh
Genesis_32_99_370000_372160|wuov dauh mienh gorngv
Genesis_32_100_372160_373240|bungx yie maah
Genesis_32_101_373240_375320|lungh njang aqv niaa
Genesis_32_102_375320_376840|yaakopv dau
Genesis_32_103_376840_380880|meih maiv buang waac yie nor yie maiv bungx meih
Genesis_32_104_380880_382640|wuov dauh mienh naaic gaax
Genesis_32_105_382640_384840|meih nyei mbuox heuc haaix nyungc
Genesis_32_106_384840_386200|ninh dau
Genesis_32_107_386200_389000|yie heuc yaakopv
Genesis_32_108_389000_390480|wuov dauh mienh gorngv
Genesis_32_109_390480_394240|yiem naaiv mingh meih nyei mbuox maiv heuc yaakopv aqv
Genesis_32_110_394240_397720|meih nyei mbuox heuc i saa laa en
Genesis_32_111_397720_403280|weic zuqc meih caux tin hungh borngz jaax yaac borngz duqv hingh
Genesis_32_112_403280_406680|caux mienh borngz jaax yaac borngz duqv hingh
Genesis_32_113_406680_408680|yaakopv gorngv
Genesis_32_114_408680_410160|tov mbuox yie
Genesis_32_115_410160_413040|meih nyei mbuox heuc haaix nyungc
Genesis_32_116_413040_414480|mv baac ninh dau
Genesis_32_117_414480_417480|meih weic haaix diuc naaic yie nyei mbuox
Genesis_32_118_417480_421760|ninh ziouc yiem wuov buang waac yaakopv
Genesis_32_119_421760_423400|yaakopv gorngv
Genesis_32_120_423400_426600|yie hmien doix hmien buatc liuz tin hungh
Genesis_32_121_426600_429160|yie corc maaih maengc ziangh nyei
Genesis_32_122_429160_433320|ninh ziouc cuotv wuov norm dorngx nyei mbuox heuc be ni en
Genesis_32_123_433320_438360|yaakopv jiex be ni en wuov zanc mba hnoi cuotv daaih aqv
Genesis_32_124_438360_442400|ninh ziouc la mbai la mbai nyei mingh aqv
Genesis_32_125_442400_445960|laaix ninh nyei camh zuih mbungv piatv mingh
Genesis_32_126_445960_450760|laaix yaakopv zuqc wuov dauh mienh muoqv ninh nyei camh zuih
Genesis_32_127_450760_452280|mbungv piatv mingh
Genesis_32_128_452280_455000|yiem naaic daaih taux ih zanc
Genesis_32_129_455000_460040|i saa laa en mienh maiv nyanc camh zuih mbungv nyei jaan
Genesis_33_1_8000_10440|yaakopv mingh gau
Genesis_33_2_10440_14920|buatc esaau caux ninh nyei feix baeqv dauh mienh daaih
Genesis_33_3_14920_22240|ninh ziouc bun nqoi ninh nyei fu jueiv bun le aa laasen caux i dauh nouh beiz
Genesis_33_4_22240_24440|yietc dauh dorh deix mingh
Genesis_33_5_24440_30440|ninh bun ninh nyei i dauh nouh beiz caux ninh mbuo nyei fu jueiv mingh ndaangc
Genesis_33_6_30440_34480|jiex daaih maaih le aa caux ninh nyei fu jueiv
Genesis_33_7_34480_39600|laasen caux yosepv nqa haav laai jiex
Genesis_33_8_39600_47560|yaakopv ganh mingh ndaangc puoqv njiec taux ndau siec nzunc cingx taux fatv deix ninh nyei gorx wuov
Genesis_33_9_47560_50720|mv baac esaau tiux mingh zipv
Genesis_33_10_50720_52360|qam jienv zom
Genesis_33_30_123200_125960|se gorngv meih nqoi eix yie nor
Genesis_33_31_125960_128400|tov longc yie nyei zingh nyeic
Genesis_33_32_128400_133760|ih zanc yie buatc meih nyei hmien se hnangv buatc tin hungh nyei hmien nor
Genesis_33_33_133760_137560|weic zuqc meih maaih hnyouv zipv yie longx haic
Genesis_33_34_137560_141360|tov gorx zipv yie dorh daaih nyei zingh nyeic
Genesis_33_35_141360_143600|tin hungh korv lienh yie
Genesis_33_36_143600_145720|bun yie maaih gaux longc
Genesis_33_37_145720_147720|yaakopv gorngv gau
Genesis_33_38_147720_150560|esaau laengz longc mi aqv
Genesis_33_39_150560_152040|esaau gorngv
Genesis_33_40_152040_154440|mbuo lomh nzoih mingh aqv
Genesis_33_41_154440_157320|yie mingh ndaangc dorh meih
Genesis_33_42_157320_159240|yaakopv dau
Genesis_33_43_159240_161600|yie nyei ziouv yaac hiuv nyei
Genesis_33_44_161600_163480|fu jueiv muonc haic
Genesis_33_45_163480_170480|yie yaac oix zuqc hnamv taux ba gi yungh caux yungh caux ngongh dorh jienv dorn nyei
Genesis_33_46_170480_174000|se gorngv horngh jienv mingh beqv nor
Genesis_33_47_174000_177760|yietc hnoi hnangv saeng kuv zungv daic nzengc aqv
Genesis_33_48_177760_180000|meih gunv mingh ndaangc aqv
Genesis_33_49_180000_182320|yie nqa haav manc manc mingh
Genesis_33_50_182320_186680|se gorngv fu jueiv caux saeng kuv mingh duqv nor
Genesis_33_51_186680_192680|yie mv baac gaanv jienv mingh taux yie aengx buangh meih
Genesis_33_52_192680_195040|yie nyei ziouv yiem se i deic
Genesis_33_53_195040_202400|esaau gorngv wuov nyungc yie bun i ziex dauh yie ganh nyei mienh caux meih yiem naaiv
Genesis_33_54_202400_204000|yaakopv dau
Genesis_33_55_204000_205960|maiv zuqc hnangv naaic lorqc
Genesis_34_10_38360_41240|ziouc caux ndinaa gorngv longx
Genesis_34_11_41240_44320|oix nduov naaiv dauh sieqv hnamv ninh
Genesis_34_12_44320_47320|sekem mbuox ninh nyei die haamo
Genesis_34_13_47320_51400|tov die mingh tengx yie gorngv naaiv dauh sieqv oc
Genesis_34_14_51400_65120|yaakopv hiuv duqv sekem zoux bun ninh nyei sieqv nyei mengh dauh waaic mv baac yaakopv maiv gaengh gorngv haaix nyungc weic zuqc ninh nyei dorn mbuo yiem wuov naah bungx saeng kuv
Genesis_34_15_65120_69320|ninh zuov jienv ninh nyei dorn mbuo nzuonx
Genesis_34_16_69320_71440|sekem nyei die haamo
Genesis_34_17_71440_74280|cuotv mingh caux yaakopv caangh laangh
Genesis_34_18_74280_80960|yaakopv nyei dorn mbuo yiem wuov naah yietv haiz naaiv deix sic ninh mbuo ziouc nzuonx daaih
Genesis_34_19_80960_83760|ninh mbuo haiz hnyouv waaic nzengc
Genesis_34_20_83760_90400|qiex jiez haic sekem hnangv naaiv nor zoux doqc caa yaakopv nyei sieqv
Genesis_34_21_90400_97600|se maiv horpc zuqc zoux nyei sic yaac mangc piex haic ninh mbuo i saa laa en mienh
Genesis_34_22_97600_103480|haamo gorngv mbuox yaakopv mbuo dorn diex doic
Genesis_34_23_103480_107520|yie nyei dorn sekem hnamv haic naaiv dauh sieqv
Genesis_34_24_107520_112560|tov meih mbuo bun naaiv dauh sieqv yie nyei dorn longc zoux auv
Genesis_34_25_112560_116360|yiem naaiv mingh mbuo lomh nzoih jiu tong
Genesis_34_26_116360_120600|bungx meih mbuo nyei sieqv bun yie mbuo nyei dorn longc
Genesis_34_27_120600_125480|yaac dorh yie mbuo nyei sieqv bun meih mbuo nyei dorn longc
Genesis_34_28_125480_130320|hnangv naaiv meih mbuo haih caux yie mbuo juangc deic bung yiem
Genesis_34_29_130320_133440|meih mbuo oix yiem haaix norm dorngx
Genesis_34_30_133440_135080|gunv yiem duqv nyei
Genesis_34_31_135080_139800|aengx lorz ndau liepc ganh nyei nguaaz gorn
Genesis_34_32_139800_143640|bieqc cuotv zoux saeng eix
Genesis_34_33_143640_150160|sekem yaac gorngv mbuox ndinaa nyei die caux ninh nyei gorx mbuo
Genesis_34_34_150160_156920|tov meih mbuo nqoi fim nqoi eix yie meih mbuo oix longc haaix nyungc yie ziouc bun
Genesis_34_35_156920_161920|oix longc leiz ging caux zingh nyeic mbu ziex gunv gorngv maah
Genesis_34_36_161920_165960|meih mbuo oix longc haaix nyungc mbu ziex yie bun nzengc
Genesis_34_37_165960_169680|da faanh duqv meih mbuo nyei sieqv hnangv
Genesis_34_38_169680_174640|laaix sekem zoux waaic ninh mbuo nyei muoc ndinaa nyei mengh dauh
Genesis_34_39_174640_179880|yaakopv nyei dorn mbuo nduov sekem caux ninh nyei die haamo
Genesis_34_40_179880_181280|ninh mbuo gorngv
Genesis_34_41_181280_186880|yie mbuo maiv haih bungx yie mbuo nyei muoc bun maiv jiex gaatv nyei leiz nyei mienh longc
Genesis_34_42_186880_191240|hnangv naaiv zoux yie mbuo nyei mengh dauh waaic nzengc aqv
Genesis_34_43_191240_196480|yie mbuo maaih nduqc diuh leiz hnangv cingx haih laengz bun
Genesis_34_44_196480_200880|se meih mbuo dauh dauh m jangc dorn oix zuqc hnangv yie mbuo nor
Genesis_34_45_200880_204840|jiex gaatv nyei leiz nzengc
Genesis_34_46_204840_209520|hnangv naaic yie mbuo ziouc haih bungx yie mbuo nyei sieqv bun meih mbuo
Genesis_34_47_209520_212880|yaac dorh meih mbuo nyei sieqv daaih longc zoux auv
Genesis_34_48_212880_217960|yie mbuo yaac haih caux meih mbuo juangc deic bung yiem
Genesis_34_49_217960_221560|mv baac se gorngv meih mbuo maiv muangx yie mbuo
Genesis_34_50_221560_223960|maiv jiex gaatv nyei leiz nzengc
Genesis_34_51_223960_228680|yie mbuo dorh yie mbuo nyei muoc biaux aqv
Genesis_34_52_228680_233800|haamo caux ninh nyei dorn sekem haiz naaiv deix waac horpc hnyouv nyei
Genesis_34_53_233800_241000|wuov dauh dorn ziouc maiv ngaih ei jienv yaakopv nyei dorn mbuo nyei waac gaanv jienv zoux
Genesis_34_54_241000_244120|weic zuqc ninh hnamv haic yaakopv nyei sieqv
Genesis_34_55_244120_250880|ninh mbuo yietc zungv muoz doic se sekem zoux gauh hlo jiex
Genesis_34_56_250880_258120|haamo caux ninh nyei dorn sekem ziouc mingh zingh gaengh ndaangc caux yietc norm zingh nyei gorx youz gorngv
Genesis_34_57_258120_259840|ninh mbuo gorngv
Genesis_34_58_259840_264520|naaiv deix mienh caux mbuo zoux gorx youz doic
Genesis_34_59_264520_268720|mbuo oix zuqc bun ninh mbuo caux mbuo juangc deic bung yiem
Genesis_34_60_268720_270920|bieqc cuotv maaiz maaic
Genesis_34_61_270920_275160|mbuo nyei deic bung jangv nyei
Genesis_34_62_275160_278400|gaux duqv bun ninh mbuo yiem nyei
Genesis_34_63_278400_281240|mbuo yaac haih longc ninh mbuo nyei sieqv
Genesis_34_64_281240_285120|ninh mbuo yaac haih longc mbuo nyei sieqv
Genesis_34_65_285120_289960|naaiv deix mienh a hneiv caux mbuo juangc deic bung yiem
Genesis_34_66_289960_295160|benx yietc fingx mv baac maaih yietc diuc ninh mbuo cingx daaih laengz
Genesis_34_67_295160_300680|se mbuo dauh dauh m jangc dorn oix zuqc hnangv ninh mbuo nor jiex gaatv nyei leiz
Genesis_34_68_300680_302920|ninh mbuo nyei saeng kuv
Genesis_34_69_302920_308200|ninh mbuo maaih nyei nyungc nyungc ga naaiv ziouc benx mbuo nyei maiv zeiz
Genesis_34_70_308200_314840|tov bun mbuo hnangv naaiv nor zoux ninh mbuo ziouc caux mbuo yiem naaiv aqv
Genesis_34_71_314840_322680|wuov norm zingh nyei yietc zuangx gorx youz buangv hnyouv haamo caux sekem nyei waac
Genesis_34_72_322680_328080|zingh gu nyuoz nyei yietc zungv m jangc dorn ziouc jiex gaatv nyei leiz nzengc
Genesis_34_73_328080_332040|jiex liuz gaatv nyei leiz da faam hnoi wuov hnoi
Genesis_34_74_332040_336240|wuov deix m jangc dorn corc mun jienv nyei
Genesis_34_75_336240_339960|i dauh yaakopv nyei dorn ndinaa nyei gorx
Genesis_34_76_339960_346880|si me on caux lewi buix jienv nzuqc ndaauv bieqc zingh
Genesis_34_77_346880_350360|liemh maiv maaih haaix dauh gouv nyeih
Genesis_34_78_350360_356400|ninh mbuo ziouc bieqc mingh daix nzengc wuov norm zingh nyei m jangc dorn
Genesis_34_79_356400_362160|liemh haamo caux sekem i dorn diex ninh mbuo yaac daix guangc mi aqv
Genesis_34_80_362160_367800|yaac dorh ndinaa yiem sekem nyei biauv cuotv mingh mi aqv
Genesis_34_81_367800_373480|yaakopv nyei dorn mbuo bieqc naaiv deix zuqc daix daic nyei mienh nyei biauv
Genesis_34_82_373480_375080|luv nzengc wuov norm zingh
Genesis_34_83_375080_380400|laaix wuov norm zingh nyei mienh zoux bun ninh mbuo nyei muoc nyei mengh dauh waaic
Genesis_34_84_380400_382880|ninh mbuo zorqv ba gi yungh
Genesis_34_85_382880_383800|yungh
Genesis_34_86_383800_384520|ngongh
Genesis_34_87_384520_386080|lorh
Genesis_34_88_386080_387280|yietc zungv ga naaiv
Genesis_34_89_387280_391440|maiv gunv yiem zingh fai yiem ndeic
Genesis_34_90_391440_393960|ninh mbuo zorqv nzengc mi aqv
Genesis_34_91_393960_398440|haaix nyungc maaih jaax zinh nyei ga naaiv ninh mbuo yaac zorqv nzengc
Genesis_34_92_398440_402520|liemh m sieqv dorn liemh fu jueiv yaac dorh jienv mingh
Genesis_34_93_402520_407520|liemh ninh mbuo nyei jaa dingh yaac luv njang nzengc mi aqv
Genesis_34_94_407520_410760|yaakopv mbuox si me on caux lewi
Genesis_34_95_410760_414880|meih mbuo hnangv naaiv nor zoux oix bun yie zuqc sic
Genesis_34_96_414880_417000|zuqc kaa naa an mienh
Genesis_34_97_417000_424080|be litv si mienh caux yietc zungv yiem naaiv norm deic bung nyei mienh nzorng yie aqv
Genesis_34_98_424080_426120|mbuo yaac maiv maaih mienh camv
Genesis_34_99_426120_436000|se gorngv wuov deix mienh gapv qaqv daaih mborqv yie nor yie caux yie nyei biauv zong mienh ziouc zuqc mietc nzengc
Genesis_34_100_436000_438160|ninh nyei dorn mbuo dau
Genesis_34_101_438160_446040|yie mbuo maiv bun ninh zoux bun yie mbuo nyei muoc dorngx maaic buonv sin nyei m sieqv dorn
Genesis_35_1_10000_13240|tin hungh gorngv mbuox yaakopv
Genesis_35_2_13240_17320|ih zanc meih oix zuqc suiv mingh yiem mbetc en
Genesis_35_3_17320_22400|yiem wuov oix zuqc ceix norm ziec dorngh weic yie
Genesis_35_4_22400_31920|dongh zinh ndaangc meih biaux meih nyei gorx esaau wuov zanc hinc cuotv daaih bun meih buatc nyei tin hungh
Genesis_35_5_31920_39120|yaakopv ziouc mbuox ninh nyei hmuangv doic aengx caux ninh yiem wuov deix mienh
Genesis_35_6_39120_46360|meih mbuo maaih ganh fingx nyei haaix nyungc miuc fangx oix zuqc guangc taux nzengc
Genesis_35_7_46360_49400|oix zuqc saax nzengc uix
Genesis_35_8_49400_51040|yienc lui houx
Genesis_35_9_51040_56280|mbuo oix zuqc leih nqoi naaiv norm dorngx mingh yiem mbetc en
Genesis_35_10_56280_62400|taux wuov yie oix ceix norm ziec dorngh weic tin hungh
Genesis_35_11_62400_67040|dongh zinh ndaangc yie buangh zuqc kouv naanc ninh tengx yie
Genesis_35_12_67040_70880|yie mingh taux haaix ninh yaac caux yie mingh
Genesis_35_13_70880_73240|wuov dauh tin hungh
Genesis_35_14_73240_82880|ninh mbuo yietc zungv ziouc zorqv ninh mbuo maaih nyei ganh fingx mienh nyei miuc fangx caux dangh jienv nyei m normh hiun
Genesis_35_15_82880_85720|jiu bun yaakopv
Genesis_35_16_85720_91840|yaakopv ziouc biopv jienv domh mba ong zuei ndiangx gorn ndiev
Genesis_35_17_91840_95840|leih sekem zingh maiv nangc go
Genesis_35_18_95840_101440|yaakopv caux gan ninh nyei zuangx mienh cuotv jauv mingh wuov zanc
Genesis_35_19_101440_108600|tin hungh bun huing nzuonx wuov deix zingh nyei mienh gamh nziex haic
Genesis_35_20_108600_113200|ziouc maiv zunc yaakopv nyei dorn mbuo
Genesis_35_60_283680_289640|laasen aav lamh daic wuov zanc ninh aengx tauv cuotv nzunc qiex
Genesis_35_61_289640_293920|tengx ninh nyei dorn cuotv mbuox heuc mben o ni
Genesis_35_62_293920_298560|mv baac yaakopv cuotv mbuox heuc mben yaa min
Genesis_35_63_298560_301160|laasen daic mi aqv
Genesis_35_64_301160_305400|zangx jienv mingh e faa laa taa nyei jauv hlen
Genesis_35_65_305400_310160|e faa laa taa aengx maaih norm mbuox heuc mbetc le hem
Genesis_35_66_310160_315080|yaakopv zorqv norm la bieiv don jienv laasen nyei zouv zoux jangx hoc
Genesis_35_67_315080_321160|wuov norm la bieiv yiem taux ih jaax hnoi
Genesis_35_68_321160_329200|i saa laa en mbuo aengx suiv mingh corng ndopv liuh yiem e nde fanh taapv nyei wuov ndaangc maengx
Genesis_35_69_329200_331680|i saa laa en nyei dorn
Genesis_35_70_331680_341360|yiem gau wuov norm deic bung gb i saa laa en nyei dorn lu mben caux ninh nyei maa faix mbin haa maaih jauv
Genesis_35_71_341360_343600|ninh nyei die hiuv mi aqv
Genesis_35_72_343600_348400|yaakopv maaih ziepc nyeic dauh dorn
Genesis_35_73_348400_351160|le aa nyei dorn maaih lu mben
Genesis_35_74_351160_354680|lu mben se yaakopv nyei dorn hlo
Genesis_35_75_354680_357200|aengx maaih si me on
Genesis_35_76_357200_358400|lewi
Genesis_35_77_358400_359640|yu ndaa
Genesis_35_78_359640_362680|itc saax kaa caux se mbu lun
Genesis_35_79_362680_367720|laasen nyei dorn maaih yosepv caux mben yaa min
Genesis_35_80_367720_370080|laasen nyei nouh beiz
Genesis_35_81_370080_372040|mbin haa
Genesis_35_82_372040_375840|nyei dorn maaih ndaan caux napv taa li
Genesis_35_83_375840_377840|le aa nyei nouh beiz
Genesis_35_84_377840_379400|sinx baa
Genesis_35_85_379400_382920|nyei dorn maaih gaatc caux aa se
Genesis_35_86_382920_388760|naaiv deix yietc zungv dorn yaakopv yiem batc ndaan aalam duqv daaih
Genesis_35_87_388760_392520|i sakc guei seix
Genesis_35_88_392520_400640|yaakopv nzuonx taux ninh nyei die i sakc yiem mamle nitv ki li yaatv aan mbaa
Genesis_35_89_400640_407680|se he mbo lon dongh zinh ndaangc apc laa ham caux i sakc yiem nyei dorngx
Genesis_35_90_407680_411800|i sakc ziangh duqv yietc baeqv betv ziepc hnyangx
Genesis_35_91_411800_414560|ninh ziangh duqv siouc nyuonh ndaauv
Genesis_35_92_414560_416240|hnyangx jeiv gox haic
Genesis_35_93_416240_417720|ziouc dangx qiex
Genesis_35_94_417720_420120|guei seix mi aqv
Genesis_35_95_420120_422480|ninh nyei i dauh dorn
Genesis_35_96_422480_425320|esaau caux yaakopv
Genesis_35_97_425320_428560|dorh ninh nyei sei mingh zangx
Genesis_36_1_6000_10560|yiem naaiv mingh gorngv esaau nyei zeiv fun
Genesis_36_2_10560_16160|esaau aengx maaih norm mbuox heuc e ndom
Genesis_36_3_16160_20800|esaau nyei auv se kaa naa an deic bung nyei sieqv
Genesis_36_4_20800_23560|maaih dauh se hitv tai mienh
Genesis_36_5_23560_25240|elon nyei sieqv
Genesis_36_6_25240_26760|aa ndaa
Genesis_36_7_26760_29000|maaih dauh hiwai mienh
Genesis_36_8_29000_31680|si mbe on nyei fun
Genesis_36_9_31680_34360|se aanaa nyei sieqv
Genesis_36_10_34360_37760|o ho li mbaa maa
Genesis_36_11_37760_41640|esaau aengx longc i saa maa en nyei sieqv
Genesis_36_12_41640_44480|ne mbaa yotv nyei muoc
Genesis_36_13_44480_46760|mbaa se matv
Genesis_36_14_46760_50920|aa ndaa yungz duqv e li fatv bun esaau
Genesis_36_15_50920_55240|mbaa se matv yungz duqv le u en
Genesis_36_16_55240_59920|o ho li mbaa maa yungz duqv ye utc
Genesis_36_17_59920_62800|yaalaam caux kolaa
Genesis_36_18_62800_66920|naaiv deix se esaau nyei dorn
Genesis_36_19_66920_70800|yiem kaa naa an deic bung yungz daaih
Genesis_36_20_70800_73040|esaau dorh jienv ninh nyei auv
Genesis_36_21_73040_74400|ninh nyei dorn
Genesis_36_22_74400_75920|ninh nyei sieqv
Genesis_36_23_75920_79080|ninh nyei yietc zungv biauv zong mienh
Genesis_36_24_79080_80160|ngongh
Genesis_36_25_80160_81120|yungh
Genesis_36_26_81120_91800|saeng kuv caux yiem kaa naa an deic bung zornc daaih nyei yietc zungv ga naaiv ziouc caux ninh nyei youz yaakopv
Genesis_36_27_91800_95160|bun nqoi doic mingh yiem ganh norm deic bung
Genesis_36_28_95160_99000|ninh mbuo i muoz maaih jaa dingh camv haic
Genesis_36_29_99000_102280|juangc dorngx yiem maiv duqv
Genesis_36_30_102280_104360|dorngx daauh hepc
Genesis_36_31_104360_108520|maiv gaux yungz ninh mbuo nyei saeng kuv
Genesis_36_32_108520_116200|esaau se e ndom ziouc biaux mingh yiem se i deic nyei mbong aiv dorngx
Genesis_36_33_116200_123560|yiem naaiv mingh gorngv yiem se i deic nyei mbong aiv dorngx e ndom mienh nyei ong taaix
Genesis_36_34_123560_126320|esaau nyei zeiv fun
Genesis_36_35_126320_133680|naaiv se esaau nyei dorn nyei mbuox maaih esaau nyei auv aa ndaa nyei dorn
Genesis_36_36_133680_134560|e li fatv
Genesis_36_37_134560_141560|caux esaau nyei auv mbaa se matv nyei dorn le u en
Genesis_36_38_141560_146320|e li fatv nyei dorn maaih temaan omaa
Genesis_36_39_146320_147800|sefo
Genesis_36_40_147800_150880|gaataam caux kenatv
Genesis_36_41_150880_153760|esaau nyei dorn e li fatv
Genesis_36_42_153760_155960|aengx maaih dauh auv dorn
Genesis_36_43_155960_157920|mbuox heuc timnaa
Genesis_36_44_157920_161200|timnaa yungz duqv dauh dorn
Genesis_36_45_161200_164120|mbuox heuc aa maa lekv
Genesis_36_46_164120_165960|bun e li fatv
Genesis_36_47_165960_172480|naaiv deix dorn yietc zungv zoux esaau nyei auv aa ndaa nyei fun
Genesis_36_48_172480_176800|le u en nyei dorn maaih naa hatc
Genesis_36_49_176800_178040|zelaa
Genesis_36_50_178040_186720|sammaa caux mitv saa naaiv se esaau nyei auv mbaa se matv nyei fun
Genesis_36_51_186720_188240|esaau nyei auv
Genesis_36_52_188240_191040|si mbe on nyei dorn
Genesis_36_53_191040_193080|aanaa nyei sieqv
Genesis_36_54_193080_195040|o ho li mbaa maa
Genesis_36_55_195040_199000|yungz duqv buo dauh dorn bun esaau
Genesis_36_56_199000_201000|maaih ye utc
Genesis_36_57_201000_203720|yaalaam caux kolaa
Genesis_36_58_203720_209440|naaiv se esaau nyei zeiv fun zoux bieiv zeiv nyei mienh
Genesis_36_59_209440_211840|maaih esaau nyei dorn hlo
Genesis_36_60_211840_215040|e li fatv nyei dorn temaan
Genesis_36_61_215040_218040|omaa sefo kenatv
Genesis_36_62_218040_219400|kolaa
Genesis_36_63_219400_222760|gaataam caux aa maa lekv
Genesis_36_64_222760_228800|naaiv se yiem e ndom deic bung gan e li fatv cuotv nyei bieiv zeiv
Genesis_36_65_228800_232960|se esaau nyei auv aa ndaa nyei fun
Genesis_36_66_232960_235040|maaih esaau nyei dorn
Genesis_36_67_235040_237800|le u en nyei dorn naa hatc
Genesis_36_68_237800_248520|zelaa sammaa caux mitv saa naaiv se yiem e ndom deic bung gan le u en cuotv nyei bieiv zeiv
Genesis_36_69_248520_251960|se esaau nyei auv
Genesis_36_70_251960_255160|mbaa se matv nyei fun
Genesis_36_71_255160_257160|maaih esaau nyei auv
Genesis_36_72_257160_259600|o ho li mbaa maa nyei dorn
Genesis_36_73_259600_261240|ye utc
Genesis_36_74_261240_263400|yaalaam caux kolaa
Genesis_36_75_263400_267400|naaiv se yiem esaau nyei auv aanaa nyei sieqv
Genesis_36_76_267400_270520|o ho li mbaa maa cuotv nyei bieiv zeiv
Genesis_36_77_270520_274160|naaiv deix yietc zungv se esaau dongh e ndom
Genesis_36_78_274160_280280|nyei dorn caux yiem esaau cuotv daaih nyei bieiv zeiv
Genesis_36_79_280280_281880|se i nyei dorn
Genesis_36_80_281880_286280|naaiv se yiem wuov norm deic bung nyei holi mienh
Genesis_36_81_286280_290000|se i nyei dorn maaih lotaan
Genesis_36_82_290000_291560|so mbaan
Genesis_36_83_291560_294720|si mbe on aanaa ndison
Genesis_36_84_294720_298240|e se caux ndisaan
Genesis_36_85_298240_302000|naaiv deix mienh se yiem e ndom deic
Genesis_36_86_302000_304520|se i nyei zeiv fun
Genesis_36_87_304520_306920|holi mienh nyei bieiv zeiv
Genesis_36_88_306920_312000|lotaan nyei dorn maaih holi caux homam
Genesis_36_89_312000_315720|lotaan nyei muoc heuc timnaa
Genesis_36_90_315720_319440|so mbaan nyei dorn maaih anwaan
Genesis_36_91_319440_320960|maa naa haatv
Genesis_36_92_320960_322000|e mbaan
Genesis_36_93_322000_324720|qefo caux onam
Genesis_36_94_324720_330120|si mbe on nyei dorn maaih aiyaa caux aanaa
Genesis_36_95_330120_334880|dongh naaiv dauh aanaa yiem deic bung huaang tengx ninh nyei die
Genesis_36_96_334880_339800|si mbe on bungx lorh wuov zanc buatc zingv wuom jorm
Genesis_36_97_339800_343920|aanaa nyei dorn heuc ndison
Genesis_36_98_343920_349040|aanaa yaac maaih dauh sieqv heuc o ho li mbaa maa
Genesis_36_99_349040_352360|ndison nyei dorn maaih hem ndaan
Genesis_36_100_352360_353560|etc mbaan
Genesis_36_101_353560_357000|itc laan caux kelaan
Genesis_36_102_357000_360320|e se nyei dorn maaih mbin haan
Genesis_36_103_360320_364480|saax waan caux aakaanx
Genesis_36_104_364480_367840|ndisaan nyei dorn maaih utc caux aalan
Genesis_36_105_367840_370840|naaiv se holi mienh nyei bieiv zeiv
Genesis_36_106_370840_372080|maaih lotaan
Genesis_36_107_372080_373400|so mbaan
Genesis_36_108_373400_376840|si mbe on aanaa
Genesis_36_109_376840_380520|ndison e se caux ndisaan
Genesis_36_110_380520_384040|naaiv deix yietc zungv se yiem se i deic bung
Genesis_36_111_384040_385720|holi mienh
Genesis_36_112_385720_388920|ziux ninh mbuo nyei bungh buonc bieiv zeiv
Genesis_36_113_388920_391880|e ndom deic bung nyei hungh diex
Genesis_36_114_391880_398200|zinh ndaangc i saa laa en mienh maiv gaengh maaih hungh diex gunv
Genesis_36_115_398200_401120|e ndom deic bung maaih hungh diex gunv nyei
Genesis_36_116_401120_406520|mbe o nyei dorn mbelaa duqv zoux e ndom nyei hungh
Genesis_36_117_406520_411280|ninh nyei domh zingh heuc ndin haa mbaa
Genesis_36_118_411280_418560|mbelaa guei seix aengx maaih yiem mbo saa laa zingh daaih wuov dauh zelaa nyei dorn
Genesis_36_119_418560_420040|yo mbapc
Genesis_36_120_420040_422360|duqv nzipc zoux hungh
Genesis_36_121_422360_424280|yo mbapc guei seix
Genesis_36_122_424280_431000|aengx maaih yiem temaan deic bung daaih wuov dauh husaam duqv nzipc zoux hungh
Genesis_36_123_431000_435800|husaam guei seix aengx maaih mbe ndatc nyei dorn
Genesis_36_124_435800_436960|haa ndatc
Genesis_36_125_436960_438720|duqv nzipc zoux hungh
Genesis_36_126_438720_444640|haa ndatc dongh yiem mo apc deic mborqv hingh mi ndien mienh wuov dauh
Genesis_36_127_444640_447520|ninh nyei domh zingh heuc aawitv
Genesis_36_128_447520_456840|haa ndatc guei seix aengx maaih yiem matv le kaa zingh daaih wuov dauh samx laa duqv nzipc zoux hungh
Genesis_36_129_456840_468760|samx laa guei seix aengx maaih yiem yu fe ditc ndaaih hlen nyei le hox mbotc zingh daaih wuov dauh saa un duqv nzipc zoux hungh
Genesis_36_130_468760_476640|saa un guei seix akc mbo nyei dorn mbaa an haanan duqv nzipc zoux hungh
Genesis_36_131_476640_480520|akc mbo nyei dorn mbaa an haanan
Genesis_36_132_480520_484200|guei seix haa ndaa duqv nzipc zoux hungh
Genesis_36_133_484200_487560|ninh nyei domh zingh heuc baa u
Genesis_36_134_487560_491840|ninh nyei auv heuc me he taa mben
Genesis_36_135_491840_496120|me he taa mben zoux matv letv nyei sieqv
Genesis_36_136_496120_499080|me saa hapc nyei fun
Genesis_36_137_499080_505680|yiem naaiv mingh se yiem esaau bun njiec nyei bieiv zeiv ziux ninh mbuo nyei mbuox
Genesis_36_138_505680_511600|ninh mbuo nyei bungh buonc caux ninh mbuo yiem nyei dorngx
Genesis_36_139_511600_514000|maaih timnaa anwaa yetetv
Genesis_36_140_514000_517400|o ho li mbaa maa
Genesis_36_141_517400_518320|elaa
Genesis_36_142_518320_520480|binon kenatv
Genesis_36_143_520480_522000|temaan
Genesis_36_144_522000_523360|mipv saa
Genesis_36_145_523360_525160|makv ndi en
Genesis_36_146_525160_536200|i laam naaiv se e ndom nyei bieiv zeiv ziux ninh mbuo yiem nyei deic liepc ninh mbuo nyei nguaaz gorn nyei dorngx
Genesis_36_147_536200_539400|naaiv se e ndom mienh nyei ong taaix
Genesis_36_148_539400_541440|esaau nyei zeiv fun
Genesis_37_1_8000_15080|yaakopv corc yiem jienv zinh ndaangc ninh nyei die yiem wuov norm deic bung
Genesis_37_2_15080_17560|se kaa naa an deic bung
Genesis_37_3_17560_22960|yiem naaiv mingh gorngv yaakopv nyei dorn jueiv nyei jauv louc
Genesis_37_4_22960_26760|yosepv benx mienh lunx mienh
Genesis_37_5_26760_30040|duqv ziepc cietv hnyangx wuov zanc
Genesis_37_6_30040_31840|ninh caux ninh nyei gorx
Genesis_37_7_31840_34480|se ninh nyei die nyei auv
Genesis_37_8_34480_37560|mbin haa caux sinx baa
Genesis_37_9_37560_42360|nyei dorn mbuo bungx ba gi yungh caux yungh
Genesis_37_10_42360_50600|yosepv dorh ninh nyei gorx mbuo zoux maiv benx nyei jauv mingh gorngv mbuox ninh nyei die
Genesis_37_11_50600_57800|i saa laa en hnamv yosepv gauh camv jiex ninh nyei yietc zungv dorn
Genesis_37_12_57800_59880|weic zuqc ninh gox aqv
Genesis_37_13_59880_62160|cingx duqv yosepv daaih
Genesis_37_14_62160_64520|ninh lunh deix lui ndaauv
Genesis_37_15_64520_66840|lui mueiz yaac ndaauv
Genesis_37_16_66840_68720|bun yosepv
Genesis_37_17_68720_75680|yosepv nyei gorx mbuo buatc ninh mbuo nyei die hnamv yosepv gauh camv hnamv ninh mbuo
Genesis_37_18_75680_78080|ninh mbuo ziouc nzorng yosepv
Genesis_37_19_78080_82960|caux ninh gorngv waac yaac maiv maaih waac longx aqv
Genesis_37_20_82960_85960|maaih nzunc yosepv mbeix buatc
Genesis_37_21_85960_90960|yaac gorngv ninh nyei mbeix bun ninh nyei gorx mbuo muangx
Genesis_37_22_90960_94160|ninh mbuo ziouc gauh fatv nzorng ninh aqv
Genesis_37_23_94160_96040|yosepv gorngv
Genesis_37_24_96040_100120|gorx mbuo muangx yie gorngv yie nyei mbeix oc
Genesis_37_25_100120_104360|yie mbeix buatc mbuo yiem ndeic sai mbiauh zeiv
Genesis_37_26_104360_109440|yie nyei mbiauh zeiv ganh jiez sin daaih don jienv
Genesis_37_27_109440_116840|gorx mbuo nyei mbiauh zeiv yaac jiez daaih weih gormx yie nyei mbiauh zeiv baaix
Genesis_37_28_116840_120840|ninh nyei gorx mbuo naaic gaax ninh
Genesis_37_29_120840_123920|meih gengh oix zoux yie mbuo nyei hungh
Genesis_37_30_123920_126600|oix gunv yie mbuo
Genesis_37_31_126600_131080|laaix yosepv mbeix nyei mbeix caux ninh gorngv nyei waac
Genesis_37_32_131080_135120|ninh nyei gorx mbuo gauh fatv nzorng ninh aqv
Genesis_37_33_135120_141000|nqa haav yosepv aengx mbeix buatc nzunc yaac gorngv bun ninh nyei gorx mbuo muangx
Genesis_37_34_141000_142560|ninh gorngv
Genesis_37_35_142560_144320|yie aengx mbeix buatc
Genesis_37_36_144320_153200|naaiv nzunc yie buatc mba hnoi caux hlaax caux ziepc yietv norm hleix yietc zungv baaix yie
Genesis_37_37_153200_157440|ninh aengx gorngv naaiv norm mbeix bun ninh nyei die
Genesis_37_38_157440_160800|ninh nyei gorx mbuo muangx
Genesis_37_39_160800_163960|ninh nyei die gorngv hemx ninh
Genesis_37_40_163960_166080|naaiv haaix nyungc mbeix laeh
Genesis_37_41_166080_175080|meih hnamv daaih meih nyei maa caux yie caux meih nyei gorx mbuo yietc zungv oix zuqc puoqv njiec taux ndau baaix meih
Genesis_37_42_175080_178720|yosepv nyei gorx mbuo gengh mueic jieqv ninh
Genesis_37_43_178720_184680|mv baac ninh nyei die haaix zanc yaac jangx jienv naaiv deix jauv louc
Genesis_37_44_184680_187960|yoseph zuqc maaic mingh i yipv
Genesis_37_45_187960_196160|yosepv nyei gorx mbuo dorh ninh mbuo nyei die nyei ba gi yungh caux yungh guanh mingh sekem bungx
Genesis_37_46_196160_199200|i saa laa en ziouc gorngv mbuox yosepv
Genesis_37_47_199200_203400|meih nyei gorx mbuo yiem sekem bungx yungh
Genesis_37_48_203400_206720|meih mingh meih nyei gorx wuov oc
Genesis_37_49_206720_209440|yosepv dau mingh nyei
Genesis_37_50_209440_211480|ninh nyei die mbuox ninh
Genesis_37_51_211480_216440|yie oix meih mingh mangc gaax meih nyei gorx mbuo longx nyei fai
Genesis_37_52_216440_219320|yungh longx nyei fai
Genesis_37_53_219320_222720|mangc liuz nzuonx daaih mbuox die oc
Genesis_37_54_222720_225640|ninh nyei die ziouc mbuox ninh mingh
Genesis_37_55_225640_231440|ninh ziouc yiem he mbo lon horngc cuotv jauv mingh sekem
Genesis_37_56_231440_233840|yosepv mingh taux sekem
Genesis_37_57_233840_239920|maaih dauh mienh buangh zuqc ninh yiem lomc huaang jiex naaiv jiex wuov nyei
Genesis_37_58_239920_241760|ziouc naaic gaax ninh
Genesis_37_59_241760_243560|meih lorz haaix nyungc
Genesis_37_60_243560_244760|yosepv dau
Genesis_37_61_244760_247600|yie lorz yie nyei gorx mbuo
Genesis_37_62_247600_250360|meih hiuv duqv ninh mbuo yiem haaix bungx yungh
Genesis_37_63_250360_252600|tov mbuox yie oc
Genesis_37_64_252600_254760|wuov dauh mienh gorngv
Genesis_37_65_254760_256840|ninh mbuo suiv dorngx mi aqv
Genesis_37_66_256840_261040|yie haiz ninh mbuo gorngv oix suiv mingh ndotaan
Genesis_37_67_261040_264520|yosepv ziouc mingh lorz ninh nyei gorx mbuo
Genesis_37_68_264520_267080|lorz buatc yiem ndotaan
Genesis_37_69_267080_270720|ninh nyei gorx mbuo buatc yosepv corc yiem go nyei
Genesis_37_70_270720_273200|daaih maiv gaengh taux
Genesis_37_71_273200_277600|ninh mbuo ziouc lomh nzoih caangh laangh daav za eix daix
Genesis_37_72_277600_279040|laanh mbuox laanh
Genesis_37_73_279040_282400|wuov dauh ga naaiv mbeix mbeix daaih aqv loh
Genesis_37_74_282400_284920|mbuo lomh nzoih mingh zorqv ninh daix guangc aqv
Genesis_37_75_284920_288320|daix dapv jienv wuom kuotv nqaai
Genesis_37_76_288320_290720|mbuo ziouc gorngv ga naaiv ngaatc mi aqv
Genesis_37_77_290720_295200|mbuo mangc gaax ninh nyei mbeix ndongc haaix lingh
Genesis_37_78_295200_299720|lu mben haiz ninh youz mbuo hnangv naaiv nor gorngv
Genesis_37_79_299720_305400|ninh oix lorz jauv njoux yosepv cuotv ninh mbuo nyei buoz ndiev
Genesis_37_80_305400_306640|ninh ziouc gorngv
Genesis_37_90_344480_346360|ciev guangc mingh
Genesis_37_91_346360_349880|aengx zorqv ninh fongv ndortv wuom kuotv
Genesis_37_92_349880_353000|wuov norm kuotv maiv maaih wuom
Genesis_37_93_353000_356920|yosepv nyei gorx mbuo zueiz jienv nyanc hnaangx wuov zanc
Genesis_37_94_356920_365320|ninh mbuo cau hmien mangc buatc guanh i saa maa en mienh yiem gi le aatc daaih oix mingh i yipv deic bung
Genesis_37_95_365320_372800|ninh mbuo nyei lorh torh tor jienv ndiangx zung ndaang caux ndie ndaang caux mu yorc
Genesis_37_96_372800_375120|yu ndaa gorngv mbuox ninh nyei muoz doic
Genesis_37_97_375120_381520|se gorngv mbuo daix guangc mbuo nyei youz aengx lorz jauv bingx yie mbuo zoux nyei sic
Genesis_37_98_381520_384320|mbuo duqv haaix nyungc
Genesis_37_99_384320_389480|mbuo oix zuqc maaic bun naaiv deix i saa maa en mienh gauh longx daix guangc
Genesis_37_100_389480_391880|ninh zoux mbuo nyei youz
Genesis_37_101_391880_394480|caux mbuo juangc nziaamv fei
Genesis_37_102_394480_398280|ninh nyei muoz doic buatc horpc nyei
Genesis_37_103_398280_402440|wuov deix zoux saeng eix nyei mi ndien mienh jiex jauv taux wuov
Genesis_37_104_402440_413360|yosepv nyei gorx mbuo ziouc cie yosepv cuotv kuotv daaih maaic bun naaiv deix i saa maa en mienh  duqv luoqc lungz nyaanh
Genesis_37_105_413360_418400|wuov deix saeng eix mienh ziouc dorh yosepv mingh i yipv deic bung aqv
Genesis_38_1_6000_12120|dongh wuov zanc yu ndaa leih nqoi ninh nyei muoz doic
Genesis_38_2_12120_16480|biaux mingh gan dauh aa ndun lam mienh
Genesis_38_3_16480_19280|mbuox heuc hilaa
Genesis_38_4_19280_24480|yiem wuov yu ndaa buangh dauh kaa naa an mienh qu aa nyei sieqv
Genesis_38_5_24480_27960|ziouc longc zoux auv
Genesis_38_6_27960_31960|longc jienv ninh nyei auv ziouc maaih jienv sin aqv
Genesis_38_7_31960_33880|yungz duqv dauh dorn
Genesis_38_8_33880_36840|cuotv mbuox heuc e aa
Genesis_38_9_36840_40680|ninh nyei auv aengx maaih da nyeic nzunc sin
Genesis_38_10_40680_42720|yungz duqv dauh dorn
Genesis_38_11_42720_45200|cuotv mbuox heuc onan
Genesis_38_12_45200_48040|nqa haav aengx yungz dauh dorn
Genesis_38_13_48040_50640|cuotv mbuox heuc qelaa
Genesis_38_14_50640_56360|qelaa cuotv seix wuov zanc yu ndaa yiem kesipv
Genesis_38_15_56360_59000|yu ndaa tengx ninh nyei dorn hlo
Genesis_38_16_59000_60120|e aa
Genesis_38_17_60120_61880|lorz duqv dauh auv
Genesis_38_18_61880_63760|mbuox heuc taamaa
Genesis_38_19_63760_66560|mv baac ziux ziouv  mangc
Genesis_38_20_66560_68520|e aa waaic haic
Genesis_38_30_106200_109640|onan zoux nyei sic se waaic haic
Genesis_38_31_109640_112240|ziouv  yaac bun ninh daic mi aqv
Genesis_38_32_112240_114280|yu ndaa gorngv mbuox ninh nyei mbuangz
Genesis_38_33_114280_115960|taamaa
Genesis_38_34_115960_119960|nzuonx mingh caux meih nyei die yiem aqv
Genesis_38_35_119960_124280|meih oix zuqc zoux auv guaav zuov yie nyei dorn qelaa hlo daaih
Genesis_38_36_124280_134200|yu ndaa hnangv naaiv nor gorngv weic zuqc ninh yiem hnyouv hnamv nzauh heix qelaa daic hnangv ninh nyei gorx mbuo nor
Genesis_38_37_134200_139160|taamaa ziouc nzuonx ninh nyei die nyei biauv mi aqv
Genesis_38_38_139160_143360|jiex daaih yu ndaa nyei auv qu aa nyei sieqv
Genesis_38_39_143360_145240|guei seix mi aqv
Genesis_38_40_145240_148120|zuov nzauh nyei ziangh hoc jiex liuz
Genesis_38_41_148120_153080|yu ndaa caux ninh nyei loz gaeng doic aa ndun lam mienh
Genesis_38_42_153080_156120|hilaa mingh tim naa haa
Genesis_38_43_156120_161480|maaih mienh tengx japv ninh nyei ba gi yungh biei wuov norm dorngx
Genesis_38_44_161480_163640|maaih mienh mbuox taamaa
Genesis_38_45_163640_168080|meih nyei ong buoc oix mingh tim naa haa japv ba gi yungh biei
Genesis_38_46_168080_172080|taamaa ziouc yienc nqoi ninh nyei auv guaav lui houx
Genesis_38_47_172080_175400|zorqv kuaaiv ndie buix jienv
Genesis_38_48_175400_177160|mbiorngz jienv hmien
Genesis_38_49_177160_178840|zorng ziangx
Genesis_38_50_178840_182800|ninh zueiz jienv mingh tim naa haa nyei jauv hlen
Genesis_38_51_182800_187280|bieqc e naa im mungv nyei zingh gaengh ndaangc
Genesis_38_52_187280_189600|ninh hiuv duqv yu ndaa nyei dorn laai
Genesis_38_53_189600_191920|qelaa hlo aqv
Genesis_38_54_191920_194520|mv baac yu ndaa maiv bun ninh longc
Genesis_38_55_194520_197000|yu ndaa buatc taamaa
Genesis_38_56_197000_200760|laaic ninh zoux maaic buonv sin nyei m sieqv dorn
Genesis_38_57_200760_205680|weic zuqc ninh maaih ndie mbiorngz jienv hmien
Genesis_38_58_205680_209000|yu ndaa mingh wuov jauv hlen caux ninh gorngv waac
Genesis_38_59_209000_210080|ninh gorngv
Genesis_38_60_210080_211160|daaih maah
Genesis_38_61_211160_213400|bun yie caux meih bueix oc
Genesis_38_62_213400_215920|yu ndaa maiv hiuv duqv se ninh nyei mbuangz
Genesis_38_63_215920_217800|taamaa naaic
Genesis_38_64_217800_219920|yie caux meih bueix
Genesis_38_65_219920_222320|meih bun haaix nyungc yie
Genesis_38_66_222320_223920|yu ndaa dau
Genesis_38_67_223920_228920|yie oix zorqv dauh yie nyei yungh guanh nyei yungh dorn bun meih
Genesis_38_68_228920_231440|taamaa dau
Genesis_38_69_231440_237440|meih oix longc haaix nyungc dingc jienv ndaangc taux meih fungx yungh dorn daaih
Genesis_38_70_237440_239200|yu ndaa naaic gaax
Genesis_38_71_239200_242440|meih oix yie dingc haaix nyungc ndaangc gauh longx
Genesis_38_72_242440_244720|taamaa gorngv
Genesis_38_73_244720_254880|oix zuqc bun meih nyei yienx caux ndiux yienx nyei hlaang aengx caux meih ih zanc nanv jienv naaiv diuh biaav mbiaac
Genesis_38_74_254880_258120|yu ndaa ziouc zorqv daaih bun ninh mi aqv
Genesis_38_75_258120_260800|bun jienv ziouc caux ninh bueix
Genesis_38_76_260800_264160|nqa haav taamaa maaih jienv yu ndaa nyei gu nguaaz aqv
Genesis_38_77_264160_274080|taamaa nzuonx mingh zorqv nqoi mbiorngz hmien nyei ndie aengx zuqv jienv ninh nyei auv guaav nyei lui houx hnangv loz wuov nor
Genesis_38_78_274080_279880|yu ndaa mbuox ninh nyei loz gaeng doic wuov dauh aa ndun lam mienh
Genesis_38_79_279880_280680|hilaa
Genesis_38_80_280680_285920|dorh yungh dorn mingh zuoqc ninh dingc wuov deix ga naaiv nzuonx
Genesis_38_81_285920_290000|hilaa mingh gau lorz maiv buatc wuov dauh m sieqv dorn
Genesis_38_82_290000_292800|ninh ziouc naaic gaax wuov norm dorngx nyei mienh
Genesis_38_83_292800_300040|yiem e naa im mungv nyei jauv hlen wuov dauh maaic buonv sin nyei m sieqv dorn jiex haaix mi aqv
Genesis_38_84_300040_302440|ninh mbuo dau
Genesis_38_85_302440_306480|yiem naaiv maiv maaih maaic buonv sin nyei m sieqv dorn
Genesis_38_86_306480_311240|hilaa ziouc nzuonx mingh mbuox yu ndaa
Genesis_38_87_311240_314920|yie lorz maiv buatc wuov dauh m sieqv dorn
Genesis_38_88_314920_320360|yiem wuov nyei mienh yaac gorngv yiem naaic maiv maaih jiex maaic buonv sin nyei m sieqv dorn
Genesis_38_89_320360_322280|yu ndaa gorngv
Genesis_38_90_322280_325560|wuov deix ga naaiv cinh ninh longc aqv
Genesis_38_91_325560_328040|nziex mienh oix jatv mbuo mv bei
Genesis_38_92_328040_333280|dorh yungh dorn mingh oix bun yaac lorz maiv buatc ninh bun
Genesis_38_93_333280_337880|nqa haav aav lamh deix buo hlaax nyieqc nyei dorngx
Genesis_38_94_337880_341000|maaih mienh mbuox yu ndaa
Genesis_38_95_341000_345520|meih nyei mbuangz taamaa hienx nqox ih zanc toi gu nguaaz aqv
Genesis_38_96_345520_347080|yu ndaa gorngv
Genesis_38_97_347080_349600|dorh ninh cuotv daaih buov guangc maah
Genesis_38_98_349600_353320|dorh taamaa cuotv daaih wuov zanc
Genesis_38_99_353320_357800|taamaa juix waac mingh mbuox ninh nyei ong buoc
Genesis_38_100_357800_361600|hienx yie toi gu nguaaz se dongh naaiv deix ga naaiv nyei ziouv
Genesis_38_101_361600_364200|longx longx nyei mangc gaax
Genesis_38_102_364200_365600|naaiv norm yienx
Genesis_38_103_365600_370040|hlaang caux biaav mbiaac se haaix dauh nyei
Genesis_38_104_370040_373960|yu ndaa zieqv duqv naaiv deix ga naaiv se ninh nyei
Genesis_38_105_373960_375200|ninh gorngv
Genesis_38_106_375200_379720|naaiv dauh m sieqv dorn zoux nyei se gauh horpc yie zoux nyei
Genesis_38_107_379720_384360|weic zuqc yie maiv bun ninh longc yie nyei dorn qelaa
Genesis_38_108_384360_387760|nqa haav yu ndaa yietc liuz maiv caux ninh bueix
Genesis_38_109_387760_392520|taux yungz nyei ziangh hoc buatc taamaa maaih sung gu nguaaz
Genesis_38_110_392520_394680|mun jienv wuov zanc
Genesis_38_111_394680_396600|maaih dauh nyei buoz cuotv ndaangc
Genesis_38_112_396600_405520|goux taamaa wuov dauh m sieqv dorn zorqv diuh fei siqv ndoh jienv gu nguaaz nyei buoz sei jaang aengx gorngv
Genesis_38_113_405520_408640|naaiv dauh cuotv seix ndaangc
Genesis_38_114_408640_412240|mv baac gu nguaaz aengx hluotv ninh nyei buoz bieqc
Genesis_38_115_412240_415960|da nyeic dauh ziouc yungz cuotv ndaangc
Genesis_38_116_415960_418360|goux taamaa wuov dauh m sieqv dorn gorngv
Genesis_38_117_418360_422400|zoux haaix nyungc meih mbengx cuotv ndaangc laeh
Genesis_38_118_422400_426040|wuov dauh dorn ninh mbuo ziouc cuotv mbuox heuc beletv
Genesis_38_119_426040_432560|ndoh jienv fei siqv wuov dauh dorn nqa haav yungz yaac cuotv mbuox heuc zelaa
Genesis_39_1_8000_16200|i saa maa en mienh dorh yosepv mingh i yipv deic bung maaic bun dauh i yipv mienh
Genesis_39_2_16200_19880|se faalo hungh nyei domh jien
Genesis_39_3_19880_23600|dongh goux hungh dinc nyei domh baeng bieiv
Genesis_39_4_23600_25720|bo ti faa
Genesis_39_5_25720_30680|ninh yiem ninh nyei i yipv mienh biauv ziouv nyei biauv
Genesis_39_6_30680_33000|ziouv caux yosepv yiem
Genesis_39_7_33000_34720|bun ninh duqv longx
Genesis_39_8_34720_39000|wuov dauh biauv ziouv buatc ziouv caux yosepv yiem
Genesis_39_9_39000_45000|ziouv yaac bun yosepv yiem ninh zoux nyei nyungc nyungc duqv longx
Genesis_39_10_45000_52400|yosepv zoux duqv horpc bo ti faa nyei hnyouv yaac duqv zoux ninh nyei lengc jeiv bou
Genesis_39_11_52400_59120|bo ti faa ziouc bun ninh goux biauv zong caux jaa dingh yietc zungv ga naaiv
Genesis_39_12_59120_66120|yiem bo ti faa paaiv yosepv goux jienv ninh nyei biauv zong yietc zungv jaa dingh
Genesis_39_13_66120_72040|ziouv weic yosepv ceix fuqv bun wuov dauh i yipv mienh nyei jaa dingh
Genesis_39_14_72040_78320|da faanh yiem biauv yiem ndeic nyei yietc zungv ziouc camv jienv faaux
Genesis_39_15_78320_85160|bo ti faa nyei yietc norm jaa dingh nyungc nyungc ga naaiv ninh jiu bun yosepv goux nzengc
Genesis_39_16_85160_88920|cuotv liuz ninh ganh nyei nyanc hopv
Genesis_39_17_88920_91920|ninh maiv zuqc nzauh haaix nyungc
Genesis_39_18_91920_95920|yosepv nyei sin pei ziangh duqv longx
Genesis_39_19_95920_98680|hmien mueic yaac nzueic
Genesis_39_20_98680_100280|yiem gau
Genesis_39_30_137400_141360|yie fungc haih zoux waaic sic ndongc naaic hlo
Genesis_39_31_141360_144360|baamz zuiz dorngc tin hungh
Genesis_39_32_144360_148360|maiv gunv wuov dauh auv hnoi hnoi yuoqc yosepv
Genesis_39_33_148360_152440|yosepv maiv kangv caux ninh bueix
Genesis_39_34_152440_156360|liemh maiv caux ninh yiem yietc norm dorngx
Genesis_39_35_156360_157840|maaih hnoi nor
Genesis_39_36_157840_162560|yosepv bieqc biauv zoux ninh horpc zuqc zoux nyei gong
Genesis_39_37_162560_165360|yaac maiv maaih yietc dauh biauv nyei bou yiem wuov
Genesis_39_38_165360_171760|bo ti faa nyei auv nyau jienv yosepv nyei lui gorngv
Genesis_39_39_171760_173840|daaih caux yie bueix maah
Genesis_39_40_173840_179800|mv baac yosepv guangc jienv ninh nyei lui yiem wuov dauh auv nyei buoz
Genesis_39_41_179800_183600|biaux cuotv ga nyiec ziqc biauv mingh
Genesis_39_42_183600_189520|wuov dauh auv buatc yosepv guangc jienv ninh nyei lui biaux cuotv ga nyiec
Genesis_39_43_189520_196240|ninh ziouc nauc nauc nyei heuc yiem ninh nyei biauv wuov deix m jangc bou daaih
Genesis_39_44_196240_197200|ninh gorngv
Genesis_39_45_197200_199360|mangc gaax naaic
Genesis_39_46_199360_202520|yie nyei nqox dorh naaiv dauh hipv lu mienh daaih
Genesis_39_47_202520_205200|ih zanc ninh mangc piex yie mbuo
Genesis_39_48_205200_208400|ninh bieqc daaih oix yie caux ninh bueix
Genesis_39_49_208400_210560|mv baac yie qaqv nauc
Genesis_39_50_210560_212600|ninh haiz yie heuc
Genesis_39_51_212600_219440|ninh ziouc guangc jienv ninh nyei lui yiem yie naaiv aengx biaux cuotv biauv mi aqv
Genesis_39_52_219440_227720|wuov dauh auv zorqv yosepv nyei lui an jienv ninh nyei ga hlen zuov yosepv nyei ziouv nzuonx daaih
Genesis_39_53_227720_231040|ninh ziouc hnangv naaiv nor gorngv
Genesis_39_54_231040_240000|dongh meih dorh daaih mbuo naaiv wuov dauh hipv lu nouh gauv bieqc daaih mangc yie maiv jiez oix caux yie
Genesis_39_55_240000_241560|yie qaqv heuc
Genesis_39_56_241560_247800|ninh ziouc guangc ninh nyei lui yiem yie naaiv biaux cuotv gaengh ka ndau mi aqv
Genesis_39_57_247800_253200|yosepv nyei ziouv haiz ninh nyei auv gorngv
Genesis_39_58_253200_255640|meih nyei nouh hnangv naaiv nor zoux bun yie
Genesis_39_59_255640_257720|ninh ziouc qiex jiez haic
Genesis_39_60_257720_261240|zorqv yosepv wuonx jienv loh
Genesis_39_61_261240_266400|dongh wuonx hungh diex nyei zuiz mienh wuov norm loh
Genesis_39_62_266400_268960|yosepv zuqc wuonx jienv wuov
Genesis_39_63_268960_271640|mv baac tin hungh caux ninh yiem
Genesis_39_64_271640_273960|yaac zoux longx bun ninh
Genesis_39_65_273960_280360|bun ninh zoux duqv horpc goux loh wuov dauh jien nyei hnyouv
Genesis_39_66_280360_285520|goux loh jien ziouc bun yosepv goux yietc zungv yiem loh nyei zuiz mienh
Genesis_39_67_285520_289400|da faanh yiem loh gu nyuoz nyei sic
Genesis_39_68_289400_292240|yosepv ganh gunv nzengc
Genesis_39_69_292240_295480|yosepv goux jienv nyei yietc zungv sic
Genesis_39_70_295480_302360|goux loh jien maiv zuqc nzauh weic zuqc ziouv caux yosepv yiem
Genesis_39_71_302360_307160|ninh zoux nyei nyungc nyungc ziouv  tengx ninh zoux duqv longx
Genesis_40_20_96200_97400|yosepv dau
Genesis_40_21_97400_101680|kungx tin hungh hnangv haih porv mbeix maiv zeiz
Genesis_40_22_101680_107120|meih mbuo gorngv meih mbuo nyei mbeix bun yie muangx maah
Genesis_40_23_107120_112760|bouh a ngunc diuv wuov dauh domh jien ziouc gorngv ninh nyei mbeix bun yosepv muangx
Genesis_40_24_112760_118960|ninh gorngv yie buatc diuh a ngunc hmei yiem yie nyei nza hmien
Genesis_40_25_118960_123000|wuov diuh hmei yaac maaih buo caax nquaah
Genesis_40_26_123000_127960|yietv cuotv cunx daaih yaac nqoi biangh
Genesis_40_27_127960_130160|biouv joih yaac zuoqc
Genesis_40_28_130160_135720|wuov zanc faalo hungh nyei zaanv yiem yie nyei buoz
Genesis_40_29_135720_143600|yie ziouc gaeqv wuov deix a ngunc biouv nanv biouv wuom dapv jienv zaanv bouh bun faalo
Genesis_40_30_143600_145120|yosepv gorngv
Genesis_40_31_145120_148080|meih nyei mbeix nyei eix leiz se hnangv naaiv
Genesis_40_32_148080_153440|wuov deix buo nquaav nquaah beiv buo hnoi
Genesis_40_33_153440_158040|aengx buo hnoi faalo hungh oix bungx meih cuotv
Genesis_40_34_158040_160920|oix guangc meih nyei zuiz
Genesis_40_35_160920_164920|yaac bun meih duqv zoux gong hnangv loz wuov nor
Genesis_40_36_164920_171640|meih aengx duqv bouh a ngunc diuv bun faalo hungh hnangv zinh ndaangc meih zoux wuov nor
Genesis_40_37_171640_176080|meih duqv longx nyei ziangh hoc tov jangx deix yie
Genesis_40_38_176080_178640|zoux longx bun yie
Genesis_40_39_178640_183400|gorngv deix yie nyei jauv bun faalo hungh muangx
Genesis_40_40_183400_185960|njoux yie cuotv naaiv norm loh
Genesis_40_41_185960_191120|yie yiem hipv lu mienh nyei deic bung zuqc dorh taux naaiv daaih
Genesis_40_42_191120_200000|yiem naaiv i yipv deic bung yie yaac maiv dorngc haaix nyungc zic duqv bun yie zuqc wuonx jienv naaiv loh hmuangx
Genesis_40_43_200000_205280|zoux njuov nyei domh jien buatc yosepv porv mbeix nyei eix leiz longx
Genesis_40_44_205280_207640|ninh ziouc gorngv mbuox yosepv
Genesis_40_45_207640_210480|yie yaac mbeix norm mbeix
Genesis_40_46_210480_215960|yie buatc yie ganh nyei m nqorngv ndongx jienv buo norm jei
Genesis_40_47_215960_217760|dapv jienv njuov nyei
Genesis_40_48_217760_224800|gu nguaaic wuov norm jei maaih nyungc nyungc ziqv daaih nyei njuov bun faalo hungh nyanc
Genesis_40_49_224800_228680|mv baac norqc daaih nyanc wuov deix njuov
Genesis_40_50_228680_230320|yosepv gorngv
Genesis_40_51_230320_232960|meih nyei mbeix nyei eix leiz se hnangv naaiv
Genesis_40_52_232960_236360|wuov deix buo norm jei beiv buo hnoi
Genesis_40_53_236360_245080|aengx buo hnoi faalo hungh oix bun mienh hngaqv ndutv meih nyei m nqorngv aengx zorqv meih nyei sei ndiux jienv ndiangx
Genesis_40_54_245080_248960|norqc yaac oix daaih nyanc meih nyei orv
Genesis_40_55_248960_254200|aengx jiex buo hnoi taux faalo hungh nyei sih nyietv hnoi
Genesis_40_56_254200_261320|ninh ziouc mbenc nyanc hopv zoux jorm cingv ninh nyei yietc zungv zoux jien nyei mienh daaih
Genesis_40_57_261320_270000|ninh yaac bungx bouh a ngunc diuv caux zoux njuov wuov deix i dauh domh jien cuotv daaih yiem zuangx jien nyei nza hmien
Genesis_40_58_270000_274800|bouh a ngunc diuv wuov dauh aengx duqv zoux gong hnangv loz wuov nor
Genesis_40_59_274800_279240|ziouc zorqv diuv zaanv bouh mingh bun hungh diex
Genesis_40_60_279240_281360|mv baac zoux njuov wuov dauh aeqv
Genesis_40_61_281360_287000|faalo hungh heuc zorqv daaih ndiux jienv wuov ndiangx daix guangc mi aqv
Genesis_40_62_287000_291160|naaiv deix sic za gengh doix nzengc yosepv porv nyei mbeix
Genesis_40_63_291160_296200|mv baac bouh a ngunc diuv wuov dauh jien la kuqv yosepv mi aqv
Genesis_40_64_296200_297680|maiv jangx zuqc ninh aqv
Genesis_41_30_137440_141000|yietc dauh nyei mbeix maaih yietc nyungc eix leiz
Genesis_41_31_141000_146800|maaih dauh hipv lu mienh lunx mienh yaac caux yie mbuo zuqc wuonx jienv loh
Genesis_41_32_146800_151480|ninh zoux goux hungh dinc nyei domh baeng bieiv nyei nouh
Genesis_41_33_151480_155480|yie mbuo gorngv yie mbuo nyei mbeix bun ninh muangx
Genesis_41_34_155480_159720|ninh ziouc ziux gorqv mienh nyei mbeix porv mbeix nyei eix leiz
Genesis_41_35_159720_164560|nqa haav za gengh doix diuc nzengc ninh porv nyei eix leiz
Genesis_41_36_164560_167840|yie duqv zoux gong hnangv zinh ndaangc nor
Genesis_41_37_167840_173880|mv baac zoux njuov wuov dauh zuqc dorh mingh ndiux jienv ndiangx daix guangc
Genesis_41_38_173880_178520|faalo hungh ziouc paaiv mienh mingh heuc yosepv daaih
Genesis_41_39_178520_182640|ninh mbuo ziouc siepv siepv nyei mingh dorh ninh cuotv
Genesis_41_40_182640_185800|yosepv teix siaam japv mba bieiv
Genesis_41_41_185800_187400|yienc nqoi lui houx
Genesis_41_42_187400_190200|mingh taux faalo hungh nyei nza hmien
Genesis_41_43_190200_192160|hungh diex gorngv mbuox ninh
Genesis_41_44_192160_196200|yie mbeix norm mbeix yaac maiv maaih haaix dauh haih porv duqv cuotv
Genesis_41_45_196200_201640|yie haiz mienh gorngv meih haiz liuz mbeix ziouc haih porv mbeix nyei
Genesis_41_46_201640_205240|yosepv dau faalo hungh
Genesis_41_47_205240_212320|se maiv zeiz yie haih porv mbeix tin hungh ganh oix porv duqv horpc mbuox faalo
Genesis_41_48_212320_215480|faalo hungh ziouc gorngv mbuox yosepv
Genesis_41_49_215480_220360|yie mbeix buatc yie ganh souv jienv nai aa ndaaih hlen
Genesis_41_50_220360_223840|maaih siec dauh yangh ngongh nyeiz nzueic nyei junc nyei
Genesis_41_51_223840_227480|yiem wuov ndaaih cuotv daaih yiem wuov nyanc luoqc diqc normh
Genesis_41_52_227480_232800|nqa haav aengx maaih siec dauh yangh ngongh nyeiz korng jaic nyei
Genesis_41_53_232800_235920|aqc mangc nyei cuotv daaih
Genesis_41_54_235920_240120|yiem i yipv deic bung yie maiv gaengh buatc jiex yangh ngongh ndongc naaic aqc mangc
Genesis_41_55_240120_245600|wuov deix ngongh jaic nyanc nzengc cuotv ndaangc wuov deix siec dauh ngongh junc
Genesis_41_65_276480_286120|yie gorngv yie nyei mbeix bun mangc sou porv mbeix nyei fin saeng muangx yaac maiv maaih yietc dauh haih porv duqv cuotv
Genesis_41_66_286120_289320|yosepv ziouc gorngv mbuox faalo hungh
Genesis_41_67_289320_291880|i norm mbeix nyei eix leiz zungv fih hnangv nyei
Genesis_41_68_291880_297440|tin hungh jaa ndaangc bun meih hiuv duqv ninh oix hnangv haaix nor zoux
Genesis_41_69_297440_301400|wuov deix siec dauh yangh ngongh junc beiv siec hnyangx
Genesis_41_70_301400_306680|wuov deix siec dorv mbiauh jauh yaac beiv siec hnyangx
Genesis_41_71_306680_308720|i norm mbeix nyei eix leiz se fih hnangv nyei
Genesis_41_72_308720_313320|nqa haav cuotv wuov deix siec dauh yangh ngongh jaic nyei
Genesis_41_73_313320_314200|aqc mangc nyei
Genesis_41_74_314200_320120|caux wuov deix siec dorv mbiauh maux zuqc dong bung maengx nyei nziaaux buonc jieqv mingh
Genesis_41_75_320120_324960|se beiv siec hnyangx domh huaang domh ngorc
Genesis_41_76_324960_328920|naaiv za gengh hnangv yie mbuox liuz hungh diex wuov nor
Genesis_41_77_328920_333800|tin hungh oix bun meih hiuv duqv ninh oix hnangv haaix nor zoux
Genesis_41_78_333800_336560|yiem naaiv mingh siec hnyangx gu nyuoz
Genesis_41_79_336560_340560|gormx i yipv deic bung bungx zuoqc longx
Genesis_41_80_340560_345240|nqa haav aengx maaih siec hnyangx domh huaang domh ngorc
Genesis_41_90_382720_386760|aengx orn deix jien gunv gormx deic bung
Genesis_41_91_386760_395320|naaiv deix bungx zuoqc longx nyei siec hnyangx gu nyuoz oix zuqc siou yietc zungv gaeng zuangx biaa gouv nyei yietc gouv
Genesis_41_92_395320_409200|naaiv deix hnyangx zingh longx nyei ziangh hoc naaiv deix jien oix zuqc zorqv laangh ziqc gapv nzoih guei faalo hungh nyei buoz ndiev siou jienv yiem norm norm zingh zoux nyanc hopv
Genesis_41_93_409200_422400|naaiv deix laangh ziqc liouh jienv mbungh i yipv deic bung ngorc siec hnyangx nyei ziangh hoc ziouc maaih nyanc maaih hopv weic maiv bun deic bung laaix ngorc hnaangx zuqc mietc nzengc
Genesis_41_94_422400_426200|faalo liepc yosepv zoux i yipv deic bung nyei zungx
Genesis_41_95_426200_433600|faalo hungh caux ninh nyei yietc zungv jien haiz yosepv nyei za eix longx nyei
Genesis_41_96_433600_436960|hungh diex gorngv mbuox ninh nyei zuangx jien
Genesis_41_97_436960_441560|mbuo haih lorz duqv ganh dauh hnangv naaiv dauh maaih tin hungh nyei singx lingh fai
Genesis_41_98_441560_444440|ninh gorngv mbuox yosepv
Genesis_41_99_444440_448400|weic zuqc tin hungh bun meih hiuv duqv naaiv deix yietc zungv sic
Genesis_41_100_448400_451960|maiv maaih haaix dauh ndongc meih guai yaac maaih cong mengh
Genesis_41_101_451960_456120|yie oix bun meih goux yie nyei dinc
Genesis_41_102_456120_460160|yie nyei zuangx baeqc fingx yaac oix zuqc mbuoqc meih
Genesis_41_103_460160_461360|muangx meih nyei waac
Genesis_41_104_461360_465520|kungx yie ganh maaih lingc gauh hlo jiex meih nyei hnangv
Genesis_41_105_465520_469320|yosepv gunv nzengc i yipv deic bung
Genesis_41_106_469320_472800|faalo hungh aengx gorngv mbuox yosepv
Genesis_41_107_472800_477120|yie ih zanc orn meih gunv nzengc i yipv deic bung
Genesis_41_108_477120_483000|faalo hungh ziouc hlutv maaih yienx nyei buoz ndoqv nzaeng tengx yosepv dangh jienv
Genesis_41_109_483000_488280|bun ninh zuqv jienv la maah ndie muonc nyei lui ndaauv
Genesis_41_110_488280_492520|aengx zorqv diuh jiem limc kuangx jienv ninh nyei jaang
Genesis_41_111_492520_498480|faalo yaac bun yosepv zueiz ninh nyei da nyeic norm maaz cie
Genesis_41_112_498480_501280|aengx maaih mienh mingh ndaangc heuc jienv gorngv
Genesis_41_113_501280_504560|gueic njiec ov
Genesis_41_114_504560_510040|faalo hungh hnangv naaiv orn ninh gunv i yipv deic bung
Genesis_41_115_510040_512000|faalo aengx gorngv mbuox yosepv
Genesis_41_116_512000_514440|yie zoux faalo hungh diex
Genesis_41_117_514440_516400|cuotv liuz meih ganh nqoi nzuih
Genesis_41_118_516400_520840|yiem naaiv i yipv deic bung maiv maaih haaix dauh haih zoux haaix nyungc
Genesis_41_119_520840_529960|hungh diex tengx yosepv cuotv norm i yipv deic bung nyei mbuox heuc saax fe naatv baa ne aa yaac zorqv on zingh nyei sai mienh
Genesis_41_120_529960_533040|bo ti fe laa nyei sieqv
Genesis_41_121_533040_534040|aa se natv
Genesis_41_122_534040_536360|bun yosepv longc zoux auv
Genesis_41_123_536360_540920|yosepv ziouc cuotv mingh zaah gormx i yipv deic bung
Genesis_41_124_540920_545840|yosepv jiez gorn weic i yipv deic bung nyei faalo hungh zoux gong wuov zanc
Genesis_41_125_545840_548880|ninh nyei hnyangx jeiv duqv faah ziepc hnyangx
Genesis_41_126_548880_553240|ninh yiem hungh dinc cuotv mingh youh gormx i yipv deic bung
Genesis_41_127_553240_557760|yiem wuov deix bungx zuoqc longx nyei siec hnyangx gu nyuoz
Genesis_41_128_557760_562160|deic bung cuotv gaeng zuangx ga naaiv longx haic
Genesis_41_129_562160_568920|yosepv ziouc siou naaiv deix siec hnyangx gu nyuoz nyei laangh ziqc gapv zunv yiem norm norm zingh
Genesis_41_130_568920_576600|yiem haaix norm zingh nyei horngc zaangc zuangx nyei laangh ziqc yaac siou daaih gapv zunv an jienv wuov norm zingh
Genesis_41_131_576600_581840|yosepv siou duqv laangh ziqc ndongc koiv hlen nyei saa ziou camv
Genesis_41_132_581840_584240|camv gau hlaau maiv hingh
Genesis_41_133_584240_585760|saauv maiv hingh
Genesis_41_134_585760_587640|ziang naaic maiv saauv aqv
Genesis_41_135_587640_591160|domh ngorc nyei hnyangx zingh maiv gaengh taux
Genesis_41_136_591160_592960|on zingh nyei sai mienh
Genesis_41_137_592960_595120|bo ti fe laa nyei sieqv
Genesis_41_138_595120_596400|aa se natv
Genesis_41_139_596400_599320|yungz duqv i dauh dorn bun yosepv
Genesis_41_140_599320_604440|yosepv ziouc tengx ninh nyei dorn hlo cuotv mbuox heuc maa natv se
Genesis_41_141_604440_612480|ninh gorngv tin hungh tengx yie la kuqv yie nyei yietc zungv kouv naanc caux yie nyei die nyei biauv zong hmuangv doic
Genesis_41_142_612480_617320|da nyeic dauh dorn ninh cuotv mbuox heuc e faa im yaac gorngv
Genesis_41_143_617320_624520|weic zuqc yiem naaiv deic bung yie siouc kouv naanc mv baac tin hungh bun yie duqv fu jueiv
Genesis_41_144_624520_628120|i yipv deic bung bungx zuoqc longx nyei siec hnyangx jiex liuz
Genesis_41_145_628120_633600|aengx bieqc siec hnyangx nyei domh ngorc doix nzengc yosepv gorngv nyei waac
Genesis_41_146_633600_635760|norm norm guoqv ngorc nzengc aqv
Genesis_41_147_635760_640040|mv baac i yipv deic bung norm norm dorngx maaih nyanc nyei
Genesis_41_148_640040_642200|taux i yipv mienh ngorc daaih
Genesis_41_149_642200_646080|zuangx baeqc fingx mingh tengx faalo hungh tov nyanc
Genesis_41_150_646080_648480|hungh diex gorngv mbuox ninh mbuo
Genesis_41_151_648480_651400|meih mbuo oix zuqc mingh lorz yosepv hnangv
Genesis_41_152_651400_654000|ninh hnangv haaix nor gorngv
Genesis_41_153_654000_657680|meih mbuo oix zuqc ei jienv ninh nyei waac zoux
Genesis_41_154_657680_663640|domh ngorc gunv zoux gunv kouv buangv nzengc i yipv deic bung mi aqv
Genesis_41_155_663640_670600|yosepv ziouc koi nqoi ninh nyei norm norm dorngx nyei domh lamz maaic mbiauh cuotv bun i yipv mienh
Genesis_41_156_670600_677520|aengx maaih lungh ndiev mienh yietc zungv mingh i yipv deic bung tengx yosepv maaiz mbiauh
Genesis_41_157_677520_682840|weic zuqc lungh ndiev zuqc domh huaang domh ngorc kouv haic
Genesis_42_1_9000_14200|yaakopv haiz gorngv i yipv deic bung maaih mbiauh nyei
Genesis_42_2_14200_17200|ninh ziouc mbuox ninh nyei dorn
Genesis_42_3_17200_21720|meih mbuo zoux haaix nyungc ngih ngorngh ngorngz naaic
Genesis_42_4_21720_23720|meih mangc yie
Genesis_42_5_23720_25680|yie mangc meih hnangv
Genesis_42_6_25680_28240|yie haiz gorngv i yipv deic bung maaih mbiauh nyei
Genesis_42_7_28240_30840|meih mbuo mingh maaiz deix daaih nyanc maah
Genesis_42_8_30840_36040|tengx mbuo maiv zuqc ngorc hnaangx daic
Genesis_42_9_36040_42240|yosepv nyei ziepc dauh gorx ziouc mingh i yipv deic bung maaiz mbiauh aqv
Genesis_42_10_42240_44560|mv baac yosepv nyei youz
Genesis_42_11_44560_46920|mben yaa min
Genesis_42_12_46920_51240|yaakopv maiv bun gan ninh gorx mbuo mingh
Genesis_42_13_51240_55840|gamh nziex haih buangh zuqc haaix nyungc hoic ninh mv bei
Genesis_42_14_55840_67440|yaakopv nyei dorn mbuo caux jienv mienh camv mingh i yipv deic bung maaiz mbiauh weic zuqc kaa naa an deic bung yaac buangh domh ngorc
Genesis_42_15_67440_71400|yosepv zoux i yipv deic bung nyei zungx
Genesis_42_25_109720_114040|yosepv jangx zuqc ninh zinh ndaangc mbeix nyei mbeix
Genesis_42_26_114040_116240|ninh aengx gorngv
Genesis_42_27_116240_123760|meih mbuo daaih caaiv juoqv zaah mangc yie mbuo nyei deic bung mau nyei dorngx hnangv
Genesis_42_28_123760_125360|ninh mbuo dau
Genesis_42_29_125360_126480|ziouv aah
Genesis_42_30_126480_127920|gengh maiv zeiz
Genesis_42_31_127920_130160|yie mbuo meih nyei bou
Genesis_42_32_130160_131960|daaih maaiz mbiauh hnangv
Genesis_42_33_131960_136440|yie mbuo yietc zungv benx yietc dauh die nyei dorn
Genesis_42_34_136440_138160|yie mbuo yietc zungv
Genesis_42_35_138160_139720|meih nyei bou
Genesis_42_36_139720_142120|hnyouv zingx nyei mienh
Genesis_42_37_142120_145600|yie mbuo maiv zeiz daaih zaah deic bung
Genesis_42_38_145600_147160|yosepv aengx gorngv
Genesis_42_39_147160_148560|maiv zeiz aqv
Genesis_42_40_148560_154440|meih mbuo daaih samx mangc yie mbuo nyei deic bung haaix norm dorngx piex hnangv
Genesis_42_41_154440_156160|ninh mbuo gorngv
Genesis_42_42_156160_158200|yie mbuo meih nyei bou
Genesis_42_43_158200_161880|yiem kaa naa an deic bung
Genesis_42_44_161880_167080|yietc zungv maaih ziepc nyeic muoz dorn juangc dauh die
Genesis_42_45_167080_170680|youz laai caux yie mbuo nyei die yiem biauv
Genesis_42_46_170680_173800|aengx maaih dauh youz daic mi aqv
Genesis_42_47_173800_175680|yosepv aengx dau
Genesis_42_48_175680_178400|za gengh hnangv yie gorngv nor
Genesis_42_49_178400_181640|meih mbuo daaih zaah deic bung hnangv
Genesis_42_50_181640_184280|yie hnangv naaiv nor seix meih mbuo
Genesis_42_51_184280_188680|yie ziangv jienv faalo hungh nyei maengc houv waac
Genesis_42_52_188680_192440|cuotv liuz meih mbuo nyei youz laai daaih taux naaiv
Genesis_42_53_192440_195160|meih mbuo maiv duqv cuotv naaiv norm dorngx
Genesis_42_54_195160_198320|bun dauh nzuonx mingh dorh meih mbuo nyei youz laai daaih
Genesis_42_55_198320_207680|zengc njiec naaiv deix yie wuonx jienv zuov taux yie mbuo hiuv duqv meih mbuo nyei waac za gengh zien fai maiv zien
Genesis_42_56_207680_210760|se gorngv meih mbuo nyei waac maiv zien
Genesis_42_57_210760_212960|yie ziouc hiuv duqv dingc
Genesis_42_58_212960_217000|ndongc yie hiuv duqv faalo hungh ziangh jienv nor
Genesis_42_59_217000_220320|meih mbuo za gengh daaih zaah deic bung hnangv
Genesis_42_60_220320_225240|gorngv liuz yosepv zorqv ninh mbuo dorh mingh wuonx jienv loh buo hnoi
Genesis_42_61_225240_228400|taux da faam hnoi
Genesis_42_62_228400_232040|yosepv gorngv mbuox ninh gorx mbuo
Genesis_42_63_232040_234800|yie se zaangc tin hungh nyei mienh
Genesis_42_64_234800_238080|se gorngv meih mbuo ziux yie nyei waac zoux
Genesis_42_65_238080_241520|meih mbuo ziouc duqv meih mbuo nyei maengc cuotv
Genesis_42_80_287120_288920|lu mben gorngv
Genesis_42_81_288920_291960|yie baav meih mbuo maiv dungx zoux hoic wuov dauh dorn
Genesis_42_82_291960_294120|mv baac meih mbuo maiv muangx
Genesis_42_83_294120_296640|ih zanc laaix daix ninh
Genesis_42_84_296640_300840|mbuo cingx daaih oix zuqc siouc zuiz ndongc naaiv kouv
Genesis_42_85_300840_311120|ninh mbuo maiv hiuv duqv yosepv mengh baeqc ninh mbuo gorngv nyei waac weic zuqc ninh haaix zanc caux ninh mbuo gorngv waac maaih mienh tengx faan
Genesis_42_86_311120_313640|yosepv haiz naaiv deix waac
Genesis_42_87_313640_316320|ninh ziouc cuotv mingh nyiemv
Genesis_42_88_316320_317680|nyiemv liuz
Genesis_42_89_317680_327160|ninh aengx bieqc mingh caux ninh mbuo gorngv waac yaac zorqv si me on cuotv daaih dorng jienv ninh mbuo ndoh jienv aqv
Genesis_42_90_327160_332480|yosepv heuc mienh zorqv mbiauh dapv buangv ninh gorx mbuo nyei mbuoqc
Genesis_42_91_332480_338640|aengx zorqv gorqv mienh maaiz mbiauh nyei nyaanh dapv gorqv mienh nyei mbuoqc nzuih
Genesis_42_92_338640_346080|aengx tengx ninh mbuo liuc leiz ndaamv jauv nyanc nyei bienh fuix bun ninh mbuo
Genesis_42_93_346080_349720|mienh ziouc ei jienv ninh nyei waac zoux
Genesis_42_94_349720_353800|yosepv nyei gorx nzounx kaa naa an deic bung
Genesis_42_95_353800_361720|yosepv nyei gorx mbuo mbenc ziangx bun lorh tor jienv mbiauh ziouc cuotv jauv nzuonx
Genesis_42_96_361720_364960|wuov muonz taux ninh mbuo hitv nyei dorngx
Genesis_42_97_364960_366880|maaih dauh koi ninh nyei mbuoqc
Genesis_42_98_366880_370480|oix zorqv deix mbiauh uix lorh
Genesis_42_99_370480_374440|yaac buatc maaiz mbiauh nyei nyaanh yiem wuov mbuoqc nzuih
Genesis_42_100_374440_378400|ninh gorngv mbuox ninh nyei muoz doic
Genesis_42_101_378400_382600|yie nyei nyaanh ninh mbuo aengx bun nzuonx daaih aex
Genesis_42_102_382600_385640|yiem naaiv yie nyei mbuoqc nzuih
Genesis_42_103_385640_388640|ninh mbuo haiz hnyouv waaic nzengc
Genesis_42_104_388640_390880|meih mangc yie yie mangc meih
Genesis_42_105_390880_393000|sin zinx jienv gorngv
Genesis_42_115_423280_425720|yie mbuo se hnyouv zaqc nyei mienh
Genesis_42_116_425720_432440|yietc zungv maaih ziepc nyeic muoz dorn juangc dauh die
Genesis_42_117_432440_434440|maaih dauh youz maiv yiem aqv
Genesis_42_118_434440_439280|youz laai corc caux ninh nyei die yiem kaa naa an deic bung
Genesis_42_119_439280_442400|wuov norm deic bung nyei ziouv gorngv
Genesis_42_120_442400_448000|yie hnangv naaiv nor zoux seix mangc gaax meih mbuo za gengh hnyouv zaqc fai maiv zaqc
Genesis_42_121_448000_451880|meih mbuo oix zuqc bun dauh caux yie yiem naaiv
Genesis_42_122_451880_456720|wuov deix dorh mbiauh nzuonx mingh bun ngorc hnaangx nyei hmuangv doic nyanc
Genesis_42_123_456720_460200|oix zuqc dorh meih mbuo nyei youz laai daaih bun yie mangc
Genesis_42_124_460200_464440|yie ziouc hiuv duqv meih mbuo hnyouv zaqc nyei mienh
Genesis_42_125_464440_466680|maiv zeiz daaih zaah deic bung
Genesis_42_126_466680_470760|yie ziouc bungx meih mbuo nyei gorx bun meih mbuo
Genesis_42_127_470760_475640|meih mbuo yiem naaiv deic bung zoux saeng eix yaac duqv nyei
Genesis_42_128_475640_477960|ninh mbuo dox mbiauh cuotv wuov zanc
Genesis_42_129_477960_485200|gorqv mienh buatc gorqv mienh nyei nyaanh beu yiem wuov mbiauh mbuoqc gu nyuoz
Genesis_42_130_485200_488560|ninh mbuo caux ninh mbuo nyei die buatc nyaanh beu
Genesis_42_131_488560_491480|ninh mbuo ziouc gamh nziex haic
Genesis_42_132_491480_494760|ninh mbuo nyei die yaakopv gorngv mbuox ninh mbuo
Genesis_42_133_494760_498640|meih mbuo oix zoux bun yie nyei fu jueiv maiv zengc yietc dauh
Genesis_42_134_498640_500880|maiv maaih yosepv aqv
Genesis_42_135_500880_502920|yaac maiv maaih si me on
Genesis_42_136_502920_506280|ih zanc meih mbuo aengx oix dorh mben yaa min mingh
Genesis_42_137_506280_509400|haaix nyungc sic yaac kungx hoic yie diev hnangv
Genesis_42_138_509400_512400|lu mben gorngv mbuox ninh nyei die
Genesis_42_139_512400_516800|se gorngv yie maiv duqv dorh mben yaa min nzuonx daaih bun meih
Genesis_42_140_516800_520040|meih gunv zorqv yie nyei i dauh dorn daix guangc duqv nyei
Genesis_42_141_520040_523440|gunv bun yie goux mben yaa min
Genesis_42_142_523440_526080|yie aengx dorh ninh nzuonx daaih bun meih
Genesis_42_143_526080_528360|mv baac yaakopv gorngv
Genesis_42_144_528360_532080|yie ndongc haaix zungv maiv bun yie nyei dorn caux meih mbuo mingh
Genesis_42_145_532080_534440|ninh nyei gorx daic mi aqv
Genesis_42_146_534440_536520|kungx zengc ninh ganh hnangv
Genesis_42_147_536520_539880|gamh nziex ndaamv jauv buangh zuqc haaix nyungc sic hoic ninh
Genesis_42_148_539880_541960|meih mbuo ziouc bun yie
Genesis_42_149_541960_544320|ong m nqorngv baeqc
Genesis_42_150_544320_546440|nzauh duqv daic nyei
Genesis_43_20_86480_92160|wuov laanh mienh naaic muonc taux yie mbuo caux yie mbuo nyei hmuangv doic
Genesis_43_21_92160_93680|ninh naaic gaax
Genesis_43_22_93680_97080|meih mbuo nyei die corc yiem nyei fai
Genesis_43_23_97080_98520|aengx maaih youz nyei
Genesis_43_24_98520_104200|yie mbuo kungx ziux ninh naaic nyei waac dau hnangv
Genesis_43_25_104200_107280|yie mbuo fungc hiuv duqv ninh oix gorngv
Genesis_43_26_107280_109960|oix zuqc dorh youz laai daaih
Genesis_43_27_109960_112720|yu ndaa gorngv mbuox ninh nyei die
Genesis_43_28_112720_113680|i saa laa en
Genesis_43_29_113680_118760|tov bun wuov dauh dorn caux yie mingh maah
Genesis_43_30_118760_122240|yie mbuo ziouc cuotv jauv mingh aqv
Genesis_43_31_122240_127800|die caux yie mbuo caux yie mbuo nyei fu jueiv yaac maiv zuqc ngorc daic
Genesis_43_32_127800_132120|yie longc yie ganh nyei maengc zoux ndaam daauh
Genesis_43_33_132120_136880|die heuc yie ganh beu naaiv dauh dorn duqv nyei
Genesis_43_34_136880_140320|se gorngv yie maiv dorh ninh nzuonx taux meih naaiv
Genesis_43_35_140320_143400|yie laengz yietc seix ndaam dorng
Genesis_43_60_267320_272640|dorh jienv wuov deix muoz doic mingh yosepv nyei biauv
Genesis_43_61_272640_277560|bou dorh jienv ninh mbuo bieqc yosepv nyei biauv wuov zanc
Genesis_43_62_277560_279840|ninh mbuo gamh nziex haic
Genesis_43_63_279840_281040|yiem hnyouv hnamv
Genesis_43_64_281040_288480|ninh dorh yie mbuo daaih naaiv se laaix daauh nzunc dapv jienv yie mbuo nyei mbuoqc nzuih wuov deix nyaanh
Genesis_43_65_288480_291600|ih zanc ninh mbuo oix lorz sic bun yie mbuo
Genesis_43_66_291600_293640|zorqv yie mbuo zoux nouh
Genesis_43_67_293640_295920|aengx zorqv yie mbuo nyei lorh mv bei
Genesis_43_68_295920_303280|taux gaengh ndaangc ninh mbuo ziouc gorngv mbuox goux yosepv nyei biauv wuov dauh domh bou
Genesis_43_69_303280_304840|domh gorx aac
Genesis_43_70_304840_308200|yie mbuo tov mbuox joux waac meih oc
Genesis_43_71_308200_311120|yie mbuo daaih maaiz daauh nzunc mbiauh
Genesis_43_72_311120_312040|nzuonx maengx
Genesis_43_73_312040_314720|taux yie mbuo hitv nyei dorngx
Genesis_43_74_314720_322360|yie mbuo koi mbuoqc buatc gorqv mienh maaiz mbiauh nyei nyaanh yietc zungv yiem gorqv mienh nyei mbuoqc nzuih
Genesis_43_75_322360_326920|nyaanh nyei hniev daauh yaac fih hnangv nyei
Genesis_43_76_326920_331760|naaiv deix yietc zungv nyaanh yie mbuo aengx dorh jienv daaih tuix nzuonx
Genesis_43_77_331760_336000|yie mbuo ganh ca lengc dorh jienv nyaanh daaih maaiz mbiauh
Genesis_43_78_336000_342840|zinh ndaangc wuov nzunc nyei nyaanh maiv hiuv duqv haaix dauh dapv yie mbuo nyei mbuoqc gu nyuoz
Genesis_43_79_342840_344800|wuov dauh bou dau
Genesis_43_80_344800_347840|maiv dungx nzauh maiv dungx gamh nziex
Genesis_43_81_347840_351600|daaix meih mbuo nyei tin hungh meih mbuo nyei die nyei tin hungh
Genesis_43_82_351600_355720|zorqv naaiv deix nyaanh dapv mbuoqc bun meih mbuo
Genesis_43_83_355720_359960|meih mbuo maaiz daauh nzunc mbiauh nyei nyaanh yie duqv siou mi aqv
Genesis_43_84_359960_362320|gorngv liuz
Genesis_43_85_362320_365520|ninh aengx dorh si me on daaih
Genesis_43_86_365520_375480|wuov dauh bou dorh wuov deix muoz doic bieqc biauv lorz wuom bun ninh mbuo nzaaux zaux yaac lorz miev bun ninh mbuo nyei lorh nyanc
Genesis_43_87_375480_382600|wuov deix muoz doic mbenc ziangx ninh mbuo nyei zingh nyeic zuov jienv yosepv nzuonx
Genesis_43_88_382600_390240|weic zuqc ninh mbuo hiuv duqv ninh mbuo oix zuqc caux ninh yiem wuov nyanc lungh aanx
Genesis_43_89_390240_391920|yosepv taux biauv
Genesis_43_90_391920_398120|ninh mbuo zorqv ninh mbuo dorh daaih nyei zingh nyeic yiem wuov biauv bun yosepv
Genesis_43_91_398120_401840|yaac puoqv taux ndau baaix
Genesis_43_92_401840_403520|yosepv naaic ninh mbuo
Genesis_43_93_403520_405920|meih mbuo yiem longx nyei saah
Genesis_43_94_405920_407640|aengx naaic ninh mbuo
Genesis_43_95_407640_412040|zinh ndaangc meih mbuo gorngv meih mbuo nyei die gox haic aqv
Genesis_43_96_412040_415600|ninh corc yiem nyei fai ninh longx nyei saah
Genesis_43_97_415600_417080|ninh mbuo dau
Genesis_43_98_417080_421120|meih nyei bou yie mbuo nyei die yiem longx nyei
Genesis_43_99_421120_423520|ninh mbuo aengx ndoqv njiec baaix
Genesis_43_100_423520_429200|yosepv buatc caux ninh juangc maa wuov dauh youz
Genesis_43_101_429200_431680|mben yaa min ninh ziouc naaic
Genesis_43_102_431680_435880|zinh ndaangc meih mbuo gorngv mbuox yie meih mbuo maaih dauh youz laai
Genesis_43_103_435880_437000|dongh naaiv dauh saah
Genesis_43_104_437000_438400|dorn aac
Genesis_43_105_438400_440720|tov tin hungh ceix en bun meih
Genesis_43_106_440720_444680|gorngv liuz yosepv oix zuqc biaux
Genesis_43_107_444680_447680|ninh haiz hnamv haic ninh nyei youz
Genesis_43_108_447680_449920|nyienz maiv jienv wuom mueic
Genesis_43_109_449920_453880|ziouc bieqc wuov biauv gen nyiemv
Genesis_43_110_453880_456280|nzaaux liuz hmien ninh cuotv daaih nyienz jienv wuom mueic
Genesis_43_111_456280_460200|aengx heuc ninh nyei bou mbenc hnaangx
Genesis_43_112_460200_465640|bou weic yosepv ganh mbenc norm dieh
Genesis_43_113_465640_468920|weic wuov deix muoz doic aengx ganh mbenc norm dieh
Genesis_43_114_468920_475760|aengx maaih caux yosepv nyanc hnaangx wuov deix i yipv mienh ganh ca lengc mbenc norm dieh
Genesis_43_115_475760_482960|weic zuqc i yipv mienh haiz maiv kuh caux hipv lu mienh juangc dieh nyanc hnaangx
Genesis_43_116_482960_490760|yosepv bun zuangx muoz doic zueiz jienv hmien huin mingh yosepv nyei dieh wuov bung
Genesis_43_117_490760_496680|yaac ziux ninh mbuo nyei hnyangx jeiv zueiz mbaih yiem dorn hlo mbaih mingh taux dorn faix
Genesis_43_118_496680_501040|ninh mbuo ganh buatc hnangv naaiv nor zueiz jienv
Genesis_43_119_501040_502400|ninh mbuo mbuoqc horngh haic
Genesis_43_120_502400_504760|laanh mangc laanh
Genesis_43_121_504760_507480|ninh mbuo nyanc nyei ga naaiv
Genesis_43_122_507480_510800|bou yiem yosepv nyei dieh zorqv daaih bun ninh mbuo
Genesis_43_123_510800_515280|mv baac mben yaa min duqv camv biaa gouv
Genesis_43_124_515280_518600|ninh mbuo caux yosepv njien youh nyei nyanc
Genesis_43_125_518600_521480|njien youh nyei hopv
Genesis_44_10_40880_44000|lungh mbiouz mbiouz njang
Genesis_44_11_44000_49400|domh bou ziouc fungx ninh mbuo caux ninh mbuo nyei lorh cuotv jauv nzuonx
Genesis_44_12_49400_55000|cuotv ziqc zingh mingh maiv gaengh nangc go
Genesis_44_13_55000_57840|yosepv gorngv mbuox ninh nyei domh bou
Genesis_44_14_57840_59800|gaanv mingh zunc wuov deix mienh
Genesis_44_15_59800_61320|zunc zaaic
Genesis_44_16_61320_63600|oix zuqc naaic gaax ninh mbuo
Genesis_44_17_63600_66400|yie mbuo zoux longx bun meih mbuo
Genesis_44_18_66400_70240|meih mbuo weic haaix diuc zoux waaic bun yie mbuo
Genesis_44_19_70240_75200|meih mbuo weic haaix diuc nimc yie nyei ziouv nyei nyaanh zaanv mingh
Genesis_44_20_75200_80640|naaiv norm zaanv ninh longc hopv yaac longc naaic zinh hoz nyei jauv
Genesis_44_21_80640_84000|meih mbuo za gengh zoux dorngc ndo haic aqv
Genesis_44_22_84000_86720|wuov dauh bou zunc zaaic
Genesis_44_23_86720_90800|ninh ziouc ei yosepv nyei waac gorngv
Genesis_44_24_90800_93960|mv baac wuov deix muoz doic gorngv
Genesis_44_25_93960_95320|domh gorx aac
Genesis_44_26_95320_99120|meih zoux haaix nyungc hnangv naaiv nor gorngv
Genesis_44_27_99120_104640|yie mbuo zungv maiv hnamv taux hnangv naaiv nor zoux
Genesis_44_28_104640_106360|mangc gaax
Genesis_44_29_106360_115920|maaiz daauh nzunc mbiauh nyei nyaanh yiem yie mbuo nyei mbuoqc yie mbuo zungv yiem kaa naa an deic bung dorh daaih tuix nzuonx bun meih
Genesis_44_30_115920_121880|yie mbuo fungc haih nimc yiem meih nyei ziouv nyei biauv nyei jiem nyaanh
Genesis_44_31_121880_125560|se gorngv meih buatc wuov norm zaanv yiem haaix dauh
Genesis_44_32_125560_127800|bun wuov dauh zuqc daic aqv
Genesis_44_33_127800_131280|zengc wuov deix laengz zoux meih nyei nouh
Genesis_44_34_131280_132840|bou gorngv
Genesis_44_35_132840_134080|horpc nyei
Genesis_44_36_134080_136840|ei jienv meih mbuo nyei waac zoux aqv
Genesis_44_37_136840_140360|mv baac lorz buatc yiem haaix dauh nyei mbuoqc
Genesis_44_38_140360_142280|wuov dauh ganh oix zuqc zoux yie nyei nouh
Genesis_44_39_142280_147240|zengc njiec wuov deix maiv dorngc haaix nyungc
Genesis_44_40_147240_153920|dauh dauh ziouc siepv siepv nyei bouh mbuoqc njiec don jienv wuov ndau koi
Genesis_44_41_153920_155800|bou ziouc sou aqv
Genesis_44_42_155800_159880|yiem domh gorx nyei sou jienv mingh taux youz laai nyei
Genesis_44_43_159880_165720|taux mben yaa min nyei mbuoqc ziouc sou cuotv wuov norm zaanv
Genesis_44_44_165720_169080|wuov deix muoz doic nzauh haic
Genesis_44_45_169080_172200|betv ninh mbuo nyei lui
Genesis_44_46_172200_178320|aengx bouh mbuoqc faaux bun lorh tor jienv daaux nqaang nzuonx wuov zingh aqv
Genesis_44_47_178320_183760|yu ndaa caux ninh nyei muoz doic nzuonx taux yosepv nyei biauv wuov zanc
Genesis_44_48_183760_186440|yosepv corc yiem biauv nyei
Genesis_44_49_186440_190280|ninh mbuo yiem ninh nyei nza hmien mbaapv njiec ndau
Genesis_44_50_190280_192360|yosepv gorngv mbuox ninh mbuo
Genesis_44_51_192360_194600|naaiv meih mbuo zoux haaix nyungc laeh
Genesis_44_52_194600_199480|meih mbuo maiv hiuv duqv yie naaiv nyungc mienh haih mangc duqv cuotv zinh hoz nyei sic
Genesis_44_53_199480_203440|haih zorqv duqv meih mbuo fai
Genesis_44_54_203440_205000|yu ndaa gorngv
Genesis_44_55_205000_208280|yie mbuo hnangv haaix nor haih dau ziouv
Genesis_44_56_208280_210840|hnangv haaix nor haih gorngv
Genesis_44_57_210840_213480|yie mbuo hnangv haaix nor haih jaiv sin
Genesis_44_58_213480_218960|tin hungh wetv cuotv nzengc yie mbuo zoux dorngc nyei sic
Genesis_44_59_218960_224720|ih zanc maiv zeiz kungx zaanv yiem mbuoqc wuov dauh benx meih nyei nouh hnangv
Genesis_44_60_224720_228160|liemh yie mbuo yietc zungv benx meih nyei nouh aqv
Genesis_44_61_228160_229520|yosepv gorngv
Genesis_44_62_229520_230960|maiv zeiz hnangv naaic lorqc
Genesis_44_63_230960_235520|kungx zaanv yiem mbuoqc wuov dauh oix zuqc zoux yie nyei nouh hnangv
Genesis_44_64_235520_240520|zengc wuov deix gunv baengh orn nyei nzuonx meih mbuo nyei die wuov aqv
Genesis_44_65_240520_245440|yu ndaa tov yosepv bungx mben yaa min
Genesis_44_66_245440_248920|yu ndaa aengx mingh fatv deix doix yosepv gorngv
Genesis_44_67_248920_251000|yie nyei ziouv aac
Genesis_44_68_251000_253880|yie tov caux meih gorngv joux waac
Genesis_44_69_253880_256360|meih maiv dungx gaengh qiex jiez yie
Genesis_44_70_256360_257760|meih nyei bou
Genesis_44_71_257760_261600|maiv gunv meih ndongc faalo hungh hlo
Genesis_44_72_261600_263800|ziouv naaic yie mbuo
Genesis_44_73_263800_264520|meih nyei bou
Genesis_44_74_264520_267560|meih mbuo corc maaih die
Genesis_44_75_267560_270720|maaih youz nyei fai
Genesis_44_76_270720_272280|yie mbuo dau
Genesis_44_77_272280_275800|die maaih nyei mv baac gox haic aqv
Genesis_44_78_275800_277840|youz yaac maaih nyei
Genesis_44_79_277840_281760|die zungv gox haic cingx duqv naaiv dauh dorn laai
Genesis_44_80_281760_284560|naaiv dauh dorn nyei gorx daic mi aqv
Genesis_44_81_284560_290560|ninh mbuo i muoz juangc maa mv baac ih zanc kungx maaih ninh ganh hnangv
Genesis_44_82_290560_293840|ninh nyei die yaac hnamv haic ninh
Genesis_44_83_293840_296040|meih heuc yie mbuo
Genesis_44_84_296040_297200|meih nyei bou
Genesis_44_85_297200_299280|dorh ninh daaih naaiv bun meih mangc
Genesis_44_86_299280_301680|yie mbuo mbuox meih
Genesis_44_87_301680_303520|yie mbuo nyei ziouv
Genesis_44_88_303520_305880|wuov dauh dorn leih maiv duqv ninh nyei die
Genesis_44_89_305880_307200|leih nor
Genesis_44_90_307200_309760|ninh nyei die haih daic nyei
Genesis_44_91_309760_312160|mv baac meih mbuox yie mbuo
Genesis_44_92_312160_313640|meih nyei bou
Genesis_44_93_313640_317560|yie mbuo maiv dorh naaiv dauh youz laai caux jienv daaih nor
Genesis_44_94_317560_320920|yie mbuo maiv duqv aengx buatc meih nyei hmien
Genesis_44_95_320920_325160|yie mbuo dorh meih nyei waac nzuonx mingh gorngv bun meih nyei bou
Genesis_44_96_325160_327560|yie mbuo nyei die muangx
Genesis_44_97_327560_329720|yie mbuo nyei die mbuox yie mbuo
Genesis_44_98_329720_332280|aengx mingh maaiz deix mbiauh maah
Genesis_44_99_332280_333840|yie mbuo dau
Genesis_44_100_333840_335800|yie mbuo maiv haih mingh
Genesis_44_101_335800_340480|se gorngv yie mbuo nyei youz laai caux jienv yie mbuo mingh nor
Genesis_44_102_340480_342760|yie mbuo mingh nyei
Genesis_44_103_342760_345480|weic zuqc youz laai maiv caux yie mbuo mingh nor
Genesis_44_104_345480_349600|yie mbuo maiv duqv buatc wuov laanh mienh nyei hmien
Genesis_44_105_349600_351840|meih nyei bou
Genesis_44_106_351840_352960|yie mbuo nyei die
Genesis_44_107_352960_354960|mbuox yie mbuo
Genesis_44_108_354960_358640|meih mbuo hiuv duqv yie nyei auv laasen
Genesis_44_109_358640_361560|yungz duqv i dauh dorn bun yie hnangv
Genesis_44_110_361560_363400|maaih dauh zungv leih nqoi yie
Genesis_44_111_363400_367360|yie hnamv daaih ninh zuqc hieh ga naaiv betv ninh mi aqv
Genesis_44_112_367360_370880|taux ih zanc yie maiv duqv buatc wuov dauh dorn
Genesis_44_113_370880_373920|se gorngv meih mbuo dorh naaiv dauh mingh
Genesis_44_114_373920_376240|ninh yaac buangh zuqc sic nor
Genesis_44_115_376240_378560|meih mbuo ziouc bun yie
Genesis_44_116_378560_379520|ong m nqorngv baeqc
Genesis_44_117_379520_382720|nzauh taux bieqc yiemh gen
Genesis_44_118_382720_383920|yu ndaa aengx gorngv
Genesis_44_119_383920_387360|se gorngv yie nzuonx meih nyei bou
Genesis_44_120_387360_388960|yie nyei die wuov
Genesis_44_121_388960_392240|yaac maiv maaih naaiv dauh dorn caux yie nzuonx
Genesis_44_122_392240_396840|yie nyei die buatc yie nyei youz maiv caux yie nzuonx nor
Genesis_44_123_396840_398400|ninh ziouc daic aqv
Genesis_44_124_398400_402880|weic zuqc naaiv dauh dorn zoux yie nyei die nyei mba nziu gorn
Genesis_44_125_402880_405520|hnangv naaiv yie nyei die meih nyei bou
Genesis_44_126_405520_408680|ong m nqorngv baeqc nzauh taux daic
Genesis_44_127_408680_413720|yie ganh longc yie nyei maengc zoux ndaam daauh mbuox yie nyei die
Genesis_44_128_413720_417840|yie maiv dorh naaiv dauh youz nzuonx bun die nor
Genesis_44_129_417840_422600|yie laengz yiem die nyei nza hmien yietc seix ndaam dorng
Genesis_44_130_422600_424160|hnangv naaic
Genesis_44_131_424160_426240|yie tov bun yie
Genesis_44_132_426240_428080|meih nyei bou
Genesis_44_133_428080_431480|yiem naaiv zoux meih nyei nouh div naaiv dauh dorn
Genesis_44_134_431480_436720|tov bun ninh gan jienv ninh nyei gorx mbuo nzuonx aqv oc
Genesis_44_135_436720_439880|se gorngv naaiv dauh dorn maiv caux yie nzuonx
Genesis_44_136_439880_443600|yie hnangv haaix nor haih nzuonx yie nyei die wuov
Genesis_44_137_443600_449040|yie maiv oix buatc yie nyei die zuqc zeqc naanc hoic ninh
Genesis_45_1_9000_13320|yosepv haiz nyienz maiv jienv
Genesis_45_2_13320_15760|wuom mueic oix cuotv haic aqv
Genesis_45_3_15760_19560|ziouc beqv souv ninh nyei ga hlen nyei mienh
Genesis_45_4_19560_22200|meih mbuo yietc zungv cuotv mingh maah
Genesis_45_5_22200_26280|yosepv bun ninh nyei muoz doic hiuv duqv ninh wuov zanc
Genesis_45_6_26280_29480|maiv maaih yietc dauh ga hlen mienh yiem
Genesis_45_7_29480_31920|yosepv qaqv nyiemv mbui nyei
Genesis_45_8_31920_34920|i yipv mienh ziouc haiz mi aqv
Genesis_45_9_34920_38320|aengx sing mingh taux hungh dinc wuov
Genesis_45_10_38320_41240|yosepv mbuox ninh nyei muoz doic
Genesis_45_11_41240_42920|yie se yosepv
Genesis_45_12_42920_45680|yie nyei die corc yiem nyei fai
Genesis_45_13_45680_49320|ninh nyei muoz doic haiz ninh hnangv naaiv nor gorngv
Genesis_45_14_49320_52080|ninh mbuo hnyouv waaic nzengc
Genesis_45_15_52080_54200|zungv maiv haih dau
Genesis_45_16_54200_56880|yosepv ziouc mbuox ninh mbuo
Genesis_45_17_56880_60040|tov meih mbuo daaih fatv deix maah
Genesis_45_18_60040_61880|ninh mbuo ziouc mingh fatv
Genesis_45_19_61880_66600|yosepv gorngv yie se meih mbuo nyei youz
Genesis_45_20_66600_68320|yosepv
Genesis_45_21_68320_72840|dongh gorx mbuo maaic mingh i yipv deic bung wuov dauh
Genesis_45_22_72840_75560|meih mbuo maiv dungx hnyouv mun
Genesis_45_23_75560_80640|winx ganh zoux dorngc laaix maaic yie daaih naaiv
Genesis_45_24_80640_87600|se tin hungh paaiv yie daaih ndaangc meih mbuo weic njoux mienh camv nyei maengc
Genesis_45_25_87600_90520|deic bung ngorc duqv i hnyangx aqv
Genesis_45_26_90520_95280|corc aengx maaih biaa hnyangx maiv haih zuangx
Genesis_45_27_95280_97120|maiv haih siou
Genesis_45_28_97120_100480|tin hungh paaiv yie daaih ndaangc meih mbuo
Genesis_45_29_100480_105000|weic meih mbuo liouh deix mienh yiem naaiv lungh ndiev
Genesis_45_30_105000_110240|yaac longc naaiv nyungc domh za eix njoux gorx mbuo cuotv
Genesis_45_31_110240_115000|hnangv naaiv se maiv zeiz gorx mbuo bun yie daaih naaiv
Genesis_45_32_115000_118040|se tin hungh ganh paaiv yie daaih
Genesis_45_33_118040_121520|ninh bun yie hnangv faalo hungh nyei die
Genesis_45_34_121520_124520|zoux ninh nyei biauv zong nyei ziouv
Genesis_45_35_124520_127800|yaac gunv nzengc i yipv deic bung
Genesis_45_36_127800_130680|ih zanc gaanv nzuonx mingh mbuox yie nyei die
Genesis_45_37_130680_133240|ninh nyei dorn yosepv
Genesis_45_38_133240_134840|hnangv naaiv nor gorngv
Genesis_45_39_134840_139400|tin hungh bun yie zoux i yipv deic bung nyei ziouv
Genesis_45_40_139400_142200|die oix zuqc siepv siepv nyei daaih yie naaiv
Genesis_45_41_142200_145160|maiv dungx ngaih
Genesis_45_42_145160_147000|die haih yiem naaiv
Genesis_45_43_147000_148800|gosen deic
Genesis_45_44_148800_151640|nitv fatv deix yie
Genesis_45_45_151640_155600|die ganh caux die nyei dorn jueiv fun faqv
Genesis_45_46_155600_156960|ngongh guanh
Genesis_45_47_156960_158920|ba gi yungh guanh
Genesis_45_48_158920_160400|yungh guanh
Genesis_45_49_160400_163560|liemh yietc zungv maaih nyei ga naaiv
Genesis_45_50_163560_167000|hnangv naaiv yie haih goux die
Genesis_45_51_167000_170240|weic zuqc aengx maaih biaa hnyangx domh ngorc
Genesis_45_52_170240_172280|maiv zeiz nor aeqv
Genesis_45_53_172280_178960|die caux die nyei biauv zong mienh caux die maaih nyei yietc zungv ndortv naanc kouv
Genesis_45_54_178960_180680|yosepv aengx gorngv
Genesis_45_55_180680_185840|meih mbuo dauh dauh gorx aengx caux yie nyei youz mben yaa min
Genesis_45_56_185840_191600|zieqv duqv ih zanc caux meih mbuo gorngv waac se yie yosepv
Genesis_45_57_191600_193520|gorngv mbuox die
Genesis_45_58_193520_198560|yie yiem i yipv deic bung duqv nyei yietc zungv njang laangc
Genesis_45_59_198560_203560|gorngv nzengc meih mbuo buatc nyei jauv louc bun die muangx
Genesis_45_60_203560_208160|yaac oix zuqc gaanv jienv dorh yie nyei die daaih naaiv
Genesis_45_61_208160_210840|yosepv qam jienv ninh nyei youz
Genesis_45_62_210840_213080|mben yaa min nyiemv
Genesis_45_63_213080_217160|mben yaa min yaac qam jienv ninh nyei gorx nyiemv
Genesis_45_64_217160_221520|yosepv aengx zom ninh nyei dauh dauh gorx aengx nyiemv
Genesis_45_65_221520_225960|nqa haav ninh nyei muoz doic caux ninh gorngv waac
Genesis_45_80_297800_305000|yosepv yaac ei jienv faalo hungh paaiv nyei waac bun ngongh cie ninh mbuo
Genesis_45_81_305000_308240|yaac bun jienv ndaamv jauv nyei bienh fuix
Genesis_45_82_308240_310000|ninh nyei gorx mbuo
Genesis_45_83_310000_313680|ninh bun yietc dauh yietc yiemc lui houx yienc
Genesis_45_84_313680_323000|mv baac mben yaa min ninh bun i joih cietv lungz nyaanh caux biaa yiemc lui houx
Genesis_45_85_323000_329960|yosepv fungx ziepc dauh lorh tor jienv i yipv deic bung longx jiex nyei ga naaiv mingh bun ninh nyei die
Genesis_45_86_329960_341880|aengx fungx ziepc dauh lorh nyeiz tor mbiauh caux njuov caux bun ninh nyei die yiem ndaamv jauv nyanc nyei bienh fuix
Genesis_45_87_341880_345920|yosepv ziouc fungx ninh nyei muoz doic cuotv jauv nzuonx
Genesis_45_88_345920_348120|oix mingh wuov zanc ninh gorngv
Genesis_45_89_348120_352320|ndaamv jauv meih mbuo maiv dungx da hauv ox
Genesis_45_90_352320_357800|wuov deix muoz doic ziouc yiem i yipv deic bung nzuonx taux kaa naa an deic bung
Genesis_45_91_357800_360200|ninh mbuo nyei die wuov
Genesis_45_92_360200_363040|ninh mbuo mbuox ninh mbuo nyei die
Genesis_45_93_363040_364520|aa die aah
Genesis_45_94_364520_367160|yosepv corc yiem nyei aex
Genesis_45_95_367160_371760|ih zanc ninh gunv nzengc yietc norm i yipv deic bung
Genesis_45_96_371760_377920|yaakopv mouh mengh mouh baeqc nyei maiv sienx ninh mbuo nyei waac
Genesis_45_97_377920_382560|ninh nyei dorn mbuo gorngv nzengc yosepv nyei waac bun ninh muangx
Genesis_45_98_382560_389200|yaakopv yaac buatc yosepv bun daaih zipv ninh mingh i yipv wuov deix ngongh cie
Genesis_45_99_389200_392080|ninh nyei hnyouv ziouc fingv daaih aqv
Genesis_45_100_392080_394080|i saa laa en gorngv
Genesis_45_101_394080_395440|buangv hnyouv aqv
Genesis_45_102_395440_398400|yie nyei dorn yosepv
Genesis_45_103_398400_399240|yiem nyei
Genesis_45_104_399240_400960|yie maiv gaengh daic
Genesis_45_105_400960_403560|yie oix mingh buatc yietc mueic ninh
Genesis_46_1_9000_21240|i saa laa en dorh jienv ninh maaih nyei yietc zungv ga naaiv cuotv jauv mingh taux mbe e qe mbaa deic yiem wuov ziec ninh nyei die i sakc
Genesis_46_2_21240_23680|nyei tin hungh
Genesis_46_3_23680_27880|lungh muonz zanc tin hungh hinc cuotv daaih heuc ninh
Genesis_46_4_27880_31760|yaakopv aac yaakopv
Genesis_46_5_31760_33920|yaakopv dau oeix
Genesis_46_6_33920_35600|yie yiem naaiv oc
Genesis_46_7_35600_37160|tin hungh gorngv
Genesis_46_8_37160_41280|yie se tin hungh meih nyei die nyei tin hungh
Genesis_46_9_41280_43120|maiv dungx gamh nziex
Genesis_46_10_43120_45520|gunv mingh i yipv deic bung aqv
Genesis_46_11_45520_51720|weic zuqc yiem wuov yie zungv bun meih benx yietc fingx hlo nyei
Genesis_46_12_51720_54640|yie caux meih mingh i yipv deic bung
Genesis_46_13_54640_58120|ndongc haaix zungv oix dorh meih nzuonx daaih
Genesis_46_14_58120_61160|meih guei seix nyei ziangh hoc
Genesis_46_15_61160_66560|yosepv ganh oix tengx meih nyei m zing njipv
Genesis_46_16_66560_71040|yaakopv yiem mbe e qe mbaa deic cuotv jauv
Genesis_46_17_71040_85840|ninh nyei dorn mbuo bun ninh mbuo nyei die caux ninh mbuo nyei fu jueiv faix caux ninh mbuo yietc zungv nyei auv faaux faalo hungh bun daaih zipv yaakopv mbuo wuov deix ngongh cie mingh
Genesis_46_18_85840_95360|ninh mbuo yaac dorh jienv yiem kaa naa an duqv daaih nyei saeng kuv caux nyungc nyungc ga naaiv mingh i yipv deic bung
Genesis_46_19_95360_100920|yaakopv caux ninh nyei fun faqv yietc zungv mingh
Genesis_46_20_100920_104400|ninh dorh jienv ninh nyei dorn
Genesis_46_21_104400_105680|dorn fun
Genesis_46_22_105680_106560|sieqv
Genesis_46_23_106560_107960|sieqv fun
Genesis_46_24_107960_112920|se ninh nyei yietc zungv fun faqv mingh taux i yipv
Genesis_46_25_112920_119320|yiem naaiv mingh gorngv mingh yiem i yipv deic bung nyei i saa laa en mienh nyei mbuox
Genesis_46_26_119320_122920|se yaakopv caux ninh nyei fun faqv
Genesis_46_27_122920_126680|maaih yaakopv nyei dorn hlo lu mben
Genesis_46_28_126680_129640|lu mben nyei dorn se haanokv
Genesis_46_29_129640_131200|banlu
Genesis_46_30_131200_134480|hetv lon caux kaanmi
Genesis_46_31_134480_138200|si me on nyei dorn se ye mu en
Genesis_46_32_138200_139720|yaamin
Genesis_46_33_139720_141120|o haatc
Genesis_46_34_141120_142360|yaakin
Genesis_46_35_142360_145560|so haax caux saa un
Genesis_46_36_145560_149920|saa un zoux kaa naa an sieqv nyei dorn
Genesis_46_37_149920_152560|lewi nyei dorn se geson
Genesis_46_38_152560_156120|ko haatv caux me laa li
Genesis_46_39_156120_159600|yu ndaa nyei dorn se e aa onan
Genesis_46_40_159600_164320|qelaa beletv caux zelaa
Genesis_46_41_164320_171480|mv baac e aa caux onan yiem kaa naa an deic bung wuov zanc guei seix mi aqv
Genesis_46_42_171480_176440|beletv nyei dorn se hetv lon caux haamun
Genesis_46_43_176440_181560|itc saax kaa nyei dorn se tolaa buwaa
Genesis_46_44_181560_184760|i opc caux simlon
Genesis_46_45_184760_187960|se mbu lun nyei dorn se seletv
Genesis_46_46_187960_190600|elon caux yaa le en
Genesis_46_47_190600_200160|naaiv deix se le aa yiem batc ndaan aalam yungz bun yaakopv nyei dorn jueiv fun faqv
Genesis_46_48_200160_204000|aengx maaih dauh sieqv mbuox heuc ndinaa
Genesis_46_49_204000_211120|le aa nyei buonc dorn jueiv fun faqv yietc zungv maaih faah ziepc faam dauh
Genesis_46_50_211120_215200|gaatc nyei dorn se si fi yon
Genesis_46_51_215200_217160|hakv gi
Genesis_46_52_217160_218560|suni
Genesis_46_53_218560_220680|etc mbon
Genesis_46_54_220680_222960|e le i
Genesis_46_55_222960_226720|aa lo ndi caux aa le li
Genesis_46_56_226720_231040|aa se nyei dorn se imnaa
Genesis_46_57_231040_233000|itc waa
Genesis_46_58_233000_237120|itc wi caux mbe li yaa
Genesis_46_59_237120_241600|naaiv deix dorn nyei muoc heuc se laa aa
Genesis_46_60_241600_248440|mbe li yaa nyei dorn se he mbe caux man ki en
Genesis_46_61_248440_252200|naaiv deix se laa mbaan bun ninh nyei sieqv
Genesis_46_62_252200_253480|le aa
Genesis_46_63_253480_254840|wuov dauh nouh beiz
Genesis_46_64_254840_256600|sinx baa
Genesis_46_65_256600_260560|yungz bun yaakopv nyei dorn jueiv fun faqv
Genesis_46_66_260560_263480|yietc zungv maaih ziepc luoqc dauh
Genesis_46_67_263480_264840|yaakopv nyei auv
Genesis_46_68_264840_265840|laasen
Genesis_46_69_265840_270200|nyei dorn se yosepv caux mben yaa min
Genesis_46_70_270200_276680|yosepv yiem i yipv deic bung duqv maa natv se caux e faa im
Genesis_46_71_276680_280120|se on zingh nyei sai mienh
Genesis_46_72_280120_282720|bo ti fe laa nyei sieqv
Genesis_46_73_282720_284080|aa se natv
Genesis_46_74_284080_285080|yungz bun ninh
Genesis_46_75_285080_290400|mben yaa min nyei dorn se mbelaa mbeke
Genesis_46_76_290400_291320|atc mben
Genesis_46_77_291320_294920|gelaa naa aa maan
Genesis_46_78_294920_296680|e hai
Genesis_46_79_296680_298040|lo atc
Genesis_46_80_298040_299760|mapv bim
Genesis_46_81_299760_301440|hupc bim caux aatc
Genesis_46_82_301440_307960|naaiv deix se laasen yungz bun yaakopv nyei dorn jueiv fun faqv
Genesis_46_83_307960_311200|yietc zungv maaih ziepc feix dauh
Genesis_46_84_311200_315800|ndaan nyei dorn se husim
Genesis_46_85_315800_319480|napv taa li nyei dorn se yaa si en
Genesis_46_86_319480_322320|guni
Genesis_46_87_322320_324960|yese caux sinlem
Genesis_46_88_324960_330440|naaiv deix se laa mbaan bun ninh nyei sieqv laasen
Genesis_46_89_330440_332480|wuov dauh nouh beiz
Genesis_46_90_332480_333320|mbin haa
Genesis_46_91_333320_338120|yungz bun yaakopv nyei dorn jueiv fun faqv
Genesis_46_92_338120_340080|yietc zungv maaih siec dauh
Genesis_46_93_340080_344240|gan yaakopv mingh i yipv deic bung wuov zanc
Genesis_46_94_344240_348520|ninh ganh nyei dorn jueiv fun faqv maaih luoqc ziepc luoqc dauh
Genesis_46_95_348520_351840|cih cuotv ninh nyei mbuangz
Genesis_46_96_351840_357560|aengx maaih yosepv yiem i yipv deic bung duqv wuov deix i dauh dorn
Genesis_46_97_357560_365000|yaakopv bieqc i yipv deic bung wuov zanc ninh nyei dorn jueiv fun faqv yietc zungv maaih cietv ziepc dauh
Genesis_46_98_365000_369840|yaakopv mbuo hmuangv doic yiem i yipv deic bung
Genesis_46_99_369840_378240|yaakopv heuc yu ndaa mingh ndaangc mbuox yosepv ninh gan jienv jauv daaih gosen aqv
Genesis_46_100_378240_380680|ninh mbuo mingh taux gosen deic
Genesis_46_101_380680_387560|yosepv mbenc ninh nyei maaz cie mingh gosen zipv ninh nyei die
Genesis_46_102_387560_388720|i saa laa en
Genesis_46_103_388720_395280|yosepv yietv buatc ziouc qam jienv ninh nyei die qaqv nyiemv lauh nyei
Genesis_46_104_395280_397120|i saa laa en gorngv mbuox yosepv
Genesis_46_105_397120_400200|ih zanc yie duqv buatc liuz meih
Genesis_46_106_400200_403600|hiuv duqv meih corc ziangh jienv nyei
Genesis_46_107_403600_405600|yie daic yaac hnyouv nqaai aqv
Genesis_46_108_405600_412520|yosepv gorngv mbuox ninh nyei muoz doic caux ninh nyei die mbuo yietc zungv hmuangv doic
Genesis_46_109_412520_414840|yie oix mbuox faalo hungh
Genesis_46_110_414840_425600|yie nyei muoz doic caux yie nyei die mbuo hmuangv doic yietc zungv yiem kaa naa an deic bung ih zanc daaih taux yie naaiv daaih aqv
Genesis_46_111_425600_431840|yie oix mbuox ninh meih mbuo zoux yungz yungh yungz saeng kuv nyei mienh
Genesis_46_112_431840_438200|meih mbuo dorh jienv meih mbuo nyei yungh saeng kuv caux nyungc nyungc ga naaiv daaih
Genesis_46_113_438200_444800|faalo hungh heuc meih mbuo daaih lorz ninh wuov zanc
Genesis_46_114_444800_446320|ninh oix naaic meih mbuo
Genesis_46_115_446320_450520|meih mbuo zoux haaix nyungc gong nyanc nyei mienh
Genesis_46_116_450520_452840|meih mbuo oix zuqc dau
Genesis_46_117_452840_455440|yie mbuo meih nyei bou
Genesis_46_118_455440_460680|faix faix nyei m daaih yungz saeng kuv taux ih zanc
Genesis_46_119_460680_463600|hnangv yie mbuo nyei ong taaix nor
Genesis_46_120_463600_469120|meih mbuo hnangv naaiv nor gorngv nor ninh ziouc bun meih mbuo yiem gosen
Genesis_46_121_469120_474520|weic zuqc i yipv mienh youx haic yungz yungh nyei mienh
Genesis_47_1_4000_7480|yosepv ziouc nzuonx mingh mbuox faalo hungh
Genesis_47_2_7480_14160|yie nyei die caux yie nyei muoz doic yiem kaa naa an deic bung bienh jienv ninh mbuo nyei yungh
Genesis_47_3_14160_15920|ba gi yungh
Genesis_47_4_15920_17280|saeng kuv
Genesis_47_5_17280_20560|yietc zungv ga naaiv daaih taux aqv
Genesis_47_6_20560_25200|ih zanc ninh mbuo yiem wuov gosen
Genesis_47_7_25200_32400|yosepv ginv biaa dauh ninh nyei gorx caux ninh mingh wuic buangh faalo hungh
Genesis_47_8_32400_35800|faalo hungh naaic yosepv nyei gorx mbuo
Genesis_47_9_35800_39720|meih mbuo zoux haaix nyungc gong nyanc nyei mienh
Genesis_47_10_39720_41640|ninh mbuo dau
Genesis_47_11_41640_44920|yie mbuo meih nyei bou se yungz yungh
Genesis_47_12_44920_50640|yungz ba gi yungh nyei mienh hnangv yie mbuo nyei ong taaix nor
Genesis_47_13_50640_57640|yie mbuo daaih yiem douc naaiv norm deic bung weic zuqc kaa naa an deic bung ngorc duqv kouv haic
Genesis_47_14_57640_62320|liemh maiv maaih miev bun yungh guanh ba gi yungh guanh nyanc
Genesis_47_15_62320_67560|tov bun yie mbuo yiem wuov gosen
Genesis_47_16_67560_69720|faalo gorngv mbuox yosepv
Genesis_47_17_69720_74520|ih zanc meih nyei die meih nyei muoz doic daaih taux meih naaiv aqv
Genesis_47_18_74520_77680|i yipv deic bung se yiem meih nyei nza hmien
Genesis_47_19_77680_83920|bun ninh mbuo yiem deic bung gauh longx jiex nyei dorngx liepc nguaaz gorn
Genesis_47_20_83920_87640|se bun ninh mbuo yiem gosen deic
Genesis_47_21_87640_92160|se gorngv ninh mbuo haaix dauh maaih banh zeic
Genesis_47_22_92160_95320|oix zuqc orn zoux bieiv zeiv goux yie nyei saeng kuv
Genesis_47_23_95320_103120|yosepv aengx dorh ninh nyei die yaakopv mingh wuic buangh faalo hungh
Genesis_47_24_103120_107000|yaakopv yaac buang waac faalo
Genesis_47_25_107000_109560|hungh diex naaic yaakopv
Genesis_47_26_109560_113080|meih nyei hnyangx jeiv duqv mbu ziex hnyangx aqv
Genesis_47_27_113080_115640|yaakopv dau faalo
Genesis_47_28_115640_122640|yie nyei seix zeiv youh jiex naaiv youh jiex wuov yiem duqv yietc baeqv faah ziepc hnyangx aqv
Genesis_47_29_122640_126400|naaiv deix hnoi nyieqc youc nangv youc kouv
Genesis_47_30_126400_133640|maiv ndongc yie nyei ong taaix mbuo youh jiex naaiv yiem youh jiex wuov yiem nyei nyutc zeiv ndaauv
Genesis_47_31_133640_136560|yaakopv aengx buang nzunc waac faalo liuz
Genesis_47_32_136560_139880|ziouc cuotv mi aqv
Genesis_47_33_139880_148760|yosepv dorh ninh nyei die caux ninh nyei muoz doic mingh liepc nguaaz gorn yiem i yipv deic bung gauh longx jiex nyei dorngx
Genesis_47_34_148760_151760|laa maa setc zingh ga hlen
Genesis_47_35_151760_155560|ziux faalo hungh mbuox nyei waac
Genesis_47_36_155560_158800|yosepv bun nyanc hopv ninh nyei die
Genesis_47_37_158800_160480|ninh nyei muoz doic
Genesis_47_38_160480_164640|liemh ninh nyei die nyei yietc zungv biauv zong mienh
Genesis_47_39_164640_168480|ziux mienh laanh juang ninh mbuo
Genesis_47_40_168480_170800|lungh ndiev nyei domh ngorc
Genesis_47_41_170800_174160|gormx wuov norm deic bung maiv maaih nyanc hopv
Genesis_47_42_174160_175840|mienh ngorc duqv kouv haic
Genesis_47_43_175840_183640|i yipv deic bung caux kaa naa an deic bung nyei mienh ngorc gau hnaangx jaic nzengc mi aqv
Genesis_47_44_183640_193560|yosepv siou nzengc i yipv mienh caux kaa naa an mienh maaiz mbiauh nyei yietc zungv nyaanh aengx dorh mingh faalo nyei hungh dinc
Genesis_47_45_193560_198960|i yipv mienh caux kaa naa an mienh nyei nyaanh longc njang nzengc mi aqv
Genesis_47_46_198960_201280|i yipv mienh ziouc mingh lorz yosepv gorngv
Genesis_47_47_201280_204720|tov bun deix hnaangx yie mbuo nyanc
Genesis_47_48_204720_209840|yie mbuo weic haaix diuc oix zuqc yiem meih nyei nza hmien ngorc daic
Genesis_47_49_209840_212680|weic zuqc yie mbuo nyei nyaanh nzengc mi aqv
Genesis_47_50_212680_213640|yosepv gorngv
Genesis_47_51_213640_217880|se gorngv meih mbuo nyei nyaanh nzengc mi aqv nor
Genesis_47_52_217880_221600|dorh meih mbuo nyei saeng kuv daaih yienc mbiauh
Genesis_47_53_221600_225920|baeqc fingx ziouc dorh ninh mbuo nyei saeng kuv mingh yosepv wuov
Genesis_47_54_225920_229240|yosepv longc mbiauh yienc ninh mbuo nyei yungh
Genesis_47_55_229240_232880|ba gi yungh ngongh lorh maaz
Genesis_47_56_232880_237960|wuov hnyangx yosepv heuc ninh mbuo dorh saeng kuv daaih yienc laangh ziqc
Genesis_47_57_237960_242760|wuov hnyangx jiex liuz nqa haav hnyangx ninh mbuo aengx daaih mbuox yosepv
Genesis_47_58_242760_244680|yie mbuo maiv bingx
Genesis_47_59_244680_246640|gorngv zaqc mbuox ziouv
Genesis_47_60_246640_248960|yie mbuo nyei nyaanh nzengc
Genesis_47_61_248960_251800|yie mbuo nyei saeng kuv yaac benx meih nyei nzengc mi aqv
Genesis_47_62_251800_258200|cuotv liuz yie mbuo nyei sin caux yie mbuo nyei ndau maiv maaih haaix nyungc bun meih aqv
Genesis_47_63_258200_263040|yie mbuo weic haaix diuc oix zuqc yiem meih nyei nza hmien ngorc daic
Genesis_47_64_263040_267480|liemh yie mbuo caux yie mbuo nyei ndau oix zuqc mietc nzengc
Genesis_47_65_267480_271400|tov meih longc laangh ziqc yienc yie mbuo caux yie mbuo nyei ndau
Genesis_47_66_271400_274760|yie mbuo ziouc benx faalo hungh nyei nouh
Genesis_47_67_274760_277800|yie mbuo nyei ndau yaac benx ninh nyei mi aqv
Genesis_47_68_277800_282840|tov bun mbiauh nyim yie mbuo weic bun yie mbuo haih duqv maengc ziangh
Genesis_47_69_282840_284440|maiv daic
Genesis_47_70_284440_288200|ndeic yaac maiv zuqc guangc jienv huaang huaang wuov
Genesis_47_71_288200_293520|hnangv naaic yosepv maaiz nzengc i yipv deic bung nyei ndau bun faalo hungh
Genesis_47_72_293520_298880|i yipv mienh dauh dauh maaic nzengc ninh mbuo nyei ndau
Genesis_47_73_298880_302560|laaix ninh mbuo ngorc duqv ba laqc kouv cung mingh
Genesis_47_74_302560_305880|ndau yietc zungv ziouc benx nzengc faalo nyei
Genesis_47_75_305880_313080|yosepv yaac bun zuangx baeqc fingx yiem naaiv bung i yipv mingh taux wuov bung i yipv benx nzengc faalo hungh nyei nouh
Genesis_47_76_313080_316880|kungx zengc sai mienh nyei ndau yosepv maiv maaiz hnangv
Genesis_47_77_316880_322320|weic zuqc sai mienh zanc zanc duqv faalo hungh juang nyei buonc
Genesis_47_78_322320_329840|ninh mbuo duqv gaux faalo hungh nyei buonc yungz maengc ziouc maiv zuqc maaic ganh nyei ndau
Genesis_47_79_329840_333360|yosepv gorngv mbuox zuangx baeqc fingx
Genesis_47_80_333360_338640|ih hnoi yie maaiz meih mbuo caux meih mbuo nyei ndau bun faalo hungh mi aqv
Genesis_47_81_338640_343160|naaiv yie aengx bun jienv ga naaiv nyim bun meih mbuo zuangx wuov ndeic
Genesis_47_82_343160_345600|taux siou nyei ziangh hoc
Genesis_47_83_345600_349880|biaa gouv zorqv cuotv yietc gouv bun faalo hungh
Genesis_47_84_349880_358160|zengc wuov deix biei gouv bun meih mbuo zoux nyim zuangx yaac bun meih mbuo ganh caux meih mbuo nyei hmuangv doic nyanc
Genesis_47_85_358160_360880|baeqc fingx gorngv
Genesis_47_86_360880_363560|meih njoux cuotv yie mbuo nyei maengc
Genesis_47_87_363560_368680|tov bun yie mbuo yiem meih nyei nza hmien duqv longx
Genesis_47_88_368680_371480|yie mbuo ziouc laengz zoux faalo hungh nyei nouh
Genesis_47_89_371480_375160|yosepv liepc diuh leiz daaih
Genesis_47_90_375160_379000|corc longc jienv taux ih jaax hnoi
Genesis_47_91_379000_385080|se i yipv deic bung nyei gaeng zuangx ga naaiv biaa gouv oix zuqc bun gouv hungh diex
Genesis_47_92_385080_389880|kungx maaih sai mienh nyei ndau hnangv maiv benx hungh diex nyei buonc
Genesis_47_93_389880_395280|yaakopv tov dorh ninh nyei sei nzuonx kaa naa an
Genesis_47_94_395280_397400|i saa laa en mienh yiem i yipv deic bung
Genesis_47_95_397400_399120|gosen deic
Genesis_47_96_399120_404120|duqv ninh mbuo ganh nyei ndau yaac hiaangx daaih maaih fu jueiv camv
Genesis_47_97_404120_408520|yaakopv yiem i yipv deic bung duqv ziepc cietv hnyangx
Genesis_47_98_408520_412600|ninh nyei hnyangx jeiv duqv yietc baeqv feix ziepc cietv hnyangx
Genesis_47_99_412600_415960|taux aav lamh deix guei seix nyei ziangh hoc
Genesis_47_100_415960_418040|ninh heuc ninh nyei dorn
Genesis_47_101_418040_421840|yosepv daaih mbuox yosepv
Genesis_47_102_421840_423920|se gorngv ziux dorn buatc
Genesis_47_103_423920_426360|yie zoux horpc meih nyei hnyouv nor
Genesis_47_104_426360_432960|tov dorh meih nyei buoz an jienv yie nyei camh zuih ga ndiev maengx laengz ngaengc waac
Genesis_47_105_432960_437360|oix zuqc laengz meih oix ziepc zuoqv nyei zoux longx bun yie
Genesis_47_106_437360_441120|maiv zangx yie nyei sei yiem naaiv i yipv deic bung
Genesis_47_107_441120_442200|yie guei seix
Genesis_47_108_442200_450400|dorn oix zuqc dorh yie nyei sei cuotv i yipv deic bung nzuonx mingh juangc yie nyei ong taaix nyei zouv zangx
Genesis_47_109_450400_451600|yosepv dau
Genesis_47_110_451600_454760|yie zungv oix ei jienv die nyei waac zoux
Genesis_47_111_454760_456520|yaakopv gorngv
Genesis_47_112_456520_459720|yie oix meih laengz ngaengc waac meih za gengh zoux
Genesis_47_113_459720_462760|yosepv ziouc laengz jiez ngaengc waac
Genesis_47_114_462760_464240|laengz liuz
Genesis_47_115_464240_468520|yaakopv yiem wuov coux daauh ndoqv njiec baaix tin hungh
Genesis_48_1_10000_13960|nqa haav maiv nangc lauh maaih mienh mbuox yosepv
Genesis_48_2_13960_16200|meih nyei die maiv longx
Genesis_48_3_16200_19920|yosepv ziouc dorh jienv ninh nyei i dauh dorn
Genesis_48_4_19920_25680|maa natv se caux e faa im mingh mangc ninh nyei die
Genesis_48_5_25680_27120|mienh mbuox yaakopv
Genesis_48_6_27120_28680|meih nyei dorn yosepv
Genesis_48_7_28680_30880|daaih mangc meih aqv
Genesis_48_8_30880_35840|yaakopv ziouc caengx jiez sin daaih zueiz jienv wuov coux
Genesis_48_9_35840_38360|yaakopv gorngv mbuox yosepv
Genesis_48_10_38360_42440|nernh jiex nyei tin hungh yiem kaa naa an deic bung
Genesis_48_11_42440_43880|lutv deic
Genesis_48_12_43880_46880|hinc cuotv daaih buang waac die
Genesis_48_13_46880_48520|ninh gorngv
Genesis_48_14_48520_52760|yie oix bun meih maaih dorn jueiv fun faqv camv
Genesis_48_15_52760_56200|hiaangx daaih zoux camv fingx mienh
Genesis_48_16_56200_63960|yie yaac oix zorqv naaiv norm deic bung jiu bun meih nyei hoz doic zeiv fun yietc liuz nzipc
Genesis_48_17_63960_66880|yaakopv aengx gorngv
Genesis_48_18_66880_68520|yosepv aac
Genesis_48_19_68520_71000|dongh yie maiv gaengh daaih
Genesis_48_20_71000_75640|meih yiem naaiv i yipv deic bung duqv wuov deix i dauh dorn
Genesis_48_21_75640_79160|e faa im caux maa natv se
Genesis_48_22_79160_86600|oix zuqc funx benx yie nyei buonc dorn hnangv lu mben caux si me on nor
Genesis_48_23_86600_89560|nqa haav meih aengx duqv fu jueiv nor
Genesis_48_24_89560_92880|ziouc funx benx meih ganh nyei buonc
Genesis_48_25_92880_99640|ninh mbuo nzipc nyei buonc se gan ninh mbuo nyei gorx nyei mbuox nzipc hnangv
Genesis_48_26_99640_102880|yie yiem batc ndaan aalam nzuonx wuov zanc
Genesis_48_27_102880_108640|yiem kaa naa an deic bung leih e faa laa taa mungv maiv nangc go
Genesis_48_28_108640_111840|meih nyei maa laasen guei seix
Genesis_48_29_111840_113720|bun yie nzauh haic
Genesis_48_30_113720_120240|yie zangx ninh mingh e faa laa taa mungv wuov diuh jauv nyei ga hlen
Genesis_48_31_120240_125160|e faa laa taa aengx maaih norm mbuox heuc mbetc le hem
Genesis_48_32_125160_129560|i saa laa en buatc yosepv nyei dorn mbuo ninh naaic gaax
Genesis_48_33_129560_131240|naaiv haaix dauh
Genesis_48_34_131240_133280|yosepv mbuox ninh nyei die
Genesis_48_35_133280_137560|naaiv se tin hungh bun yie yiem naaiv duqv daaih nyei dorn
Genesis_48_36_137560_139240|i saa laa en gorngv
Genesis_48_37_139240_142160|dorh daaih yie naaiv weic bun yie buang waac ninh mbuo
Genesis_48_38_142160_147120|i saa laa en nyei hnyangx jeiv gox haic
Genesis_48_39_147120_149120|m zing mbuov
Genesis_48_40_149120_150880|mangc maiv nangc zien
Genesis_48_41_150880_155120|yosepv ziouc dorh ninh nyei dorn mingh taux ninh nyei die wuov
Genesis_48_42_155120_158000|ninh nyei die qam jienv zom
Genesis_48_43_158000_160320|i saa laa en gorngv mbuox yosepv
Genesis_48_44_160320_162920|yie hnamv daaih yietc liuz maiv duqv buatc meih
Genesis_48_45_162920_167320|mv baac tin hungh bun yie liemh meih nyei dorn duqv buatc
Genesis_48_46_167320_176280|yosepv hlorpv ninh nyei dorn njiec i saa laa en nyei camh zuih yaac yiem ninh nyei nza hmien puoqv njiec taux ndau
Genesis_48_47_176280_179680|yosepv ken jienv ninh nyei i dauh dorn
Genesis_48_48_179680_185360|mbiaauc jieqv buoz ken e faa im mingh yiem i saa laa en nyei zaaix bung
Genesis_48_49_185360_190320|zaaix jieqv buoz ken maa natv se mingh yiem i saa laa en nyei mbiaauc bung
Genesis_48_50_190320_194080|mv baac i saa laa en jiuv jienv buoz
Genesis_48_51_194080_199920|mbiaauc jieqv maan jienv e faa im nyei m nqorngv maiv gunv ninh zoux dorn faix
Genesis_48_52_199920_207680|zaaix jieqv aengx maan jienv maa natv se nyei m nqorngv maiv gunv maa natv se zoux dorn hlo
Genesis_48_53_207680_210640|ninh ziouc buang waac yosepv aqv ninh gorngv
Genesis_48_54_210640_214000|tov yie nyei ong apc laa ham
Genesis_48_55_214000_216680|caux yie nyei die i sakc
Genesis_48_56_216680_222280|buoqc zaangc nyei tin hungh ceix fuqv naaiv deix i dauh dorn
Genesis_48_57_222280_229120|tov yietc seix dorh yie taux ih hnoi nyei tin hungh ceix fuqv bun ninh mbuo
Genesis_48_58_229120_239680|tov njoux yie leih ndutv yietc zungv haih hoic yie nyei zeqc naanc wuov dauh fin mienh ceix fuqv bun naaiv deix i dauh dorn
Genesis_48_59_239680_249800|tov bun naaiv deix i dauh dorn nzipc yie nyei mbuox caux yie nyei ong apc laa ham caux yie nyei die i sakc nyei mbuox
Genesis_48_60_249800_256440|tov bun ninh mbuo yiem naaiv lungh ndiev hiaangx jiez daaih camv
Genesis_48_61_256440_263680|yosepv buatc ninh nyei die hnangv naaiv nor zorqv mbiaauc jieqv buoz maan jienv e faa im nyei m nqorngv
Genesis_48_62_263680_266320|ninh maiv horpc hnyouv
Genesis_48_63_266320_272520|ninh ziouc zorqv ninh die nyei buoz yiem e faa im nyei m nqorngv waan nqoi
Genesis_48_64_272520_276400|oix bun ninh maan maa natv se nyei m nqorngv
Genesis_48_65_276400_278920|ninh gorngv mbuox ninh nyei die
Genesis_48_66_278920_281760|die aah maiv zeiz hnangv naaiv lorqc
Genesis_48_67_281760_283680|dorn hlo dongh naaiv dauh
Genesis_48_68_283680_288880|oix zuqc longc meih nyei mbiaauc jieqv buoz maan naaiv dauh nyei m nqorngv
Genesis_48_69_288880_292640|mv baac ninh nyei die maiv kangv ninh gorngv
Genesis_48_70_292640_293800|dorn aah
Genesis_48_71_293800_294640|yie hiuv nyei
Genesis_48_72_294640_298840|maa natv se nyei zeiv fun yaac oix benx yietc fingx
Genesis_48_73_298840_304040|ninh yaac duqv zoux hlo mv baac ninh nyei youz oix duqv zoux gauh hlo
Genesis_48_74_304040_308880|youz nyei zeiv fun oix benx camv fingx hlo nyei
Genesis_48_75_308880_312200|wuov hnoi yaakopv buang waac ninh mbuo
Genesis_48_76_312200_312960|ninh gorngv
Genesis_48_77_312960_317560|i saa laa en mienh oix dorh meih nyei mbuox mingh buang waac
Genesis_48_78_317560_319160|ninh mbuo oix gorngv
Genesis_48_79_319160_324000|tov tin hungh bun meih hnangv e faa im caux maa natv se nor
Genesis_48_80_324000_329280|i saa laa en ziouc hnangv naaiv nor bun e faa im duqv zoux gauh hlo maa natv se
Genesis_48_81_329280_332200|buang liuz waac
Genesis_48_82_332200_334600|i saa laa en gorngv mbuox yosepv
Genesis_48_83_334600_337320|yie guei seix nyei ziangh hoc aav lamh taux aqv
Genesis_48_84_337320_340720|mv baac tin hungh zungv caux meih mbuo yiem
Genesis_48_85_340720_345160|yaac oix dorh meih mbuo nzuonx meih mbuo nyei ong taaix nyei deic bung
Genesis_48_86_345160_353920|yie zorqv dongh yie longc nzuqc ndaauv caux juang zinx caangv duqv aa mo lai mienh nyei wuov norm zorng jiu bun meih
Genesis_48_87_353920_356600|maiv zeiz bun meih nyei gorx mbuo
Genesis_49_1_8000_11840|yaakopv heuc ninh nyei dorn mbuo daaih nzoih
Genesis_49_2_11840_13200|ninh gorngv
Genesis_49_3_13200_15720|meih mbuo daaih gapv zunv yie naaiv
Genesis_49_4_15720_20600|yie oix gorngv nqa haav hingv meih mbuo oix buangh nyei sic
Genesis_49_5_20600_22840|yaakopv nyei dorn aac
Genesis_49_6_22840_24840|meih mbuo daaih zunv muangx
Genesis_49_7_24840_27280|daaih muangx meih nyei die
Genesis_49_8_27280_29560|i saa laa en gorngv
Genesis_49_9_29560_31080|lu mben aac
Genesis_49_10_31080_33400|meih zoux yie nyei dorn hlo
Genesis_49_11_33400_35600|meih se yie nyei qaqv
Genesis_49_12_35600_39840|yie benx domh mienh duqv daaih nyei daauh dauh dorn
Genesis_49_13_39840_41640|meih zoux domh gorx
Genesis_49_14_41640_45200|yietc buoqv dorn meih gauh maaih mengh jiex
Genesis_49_15_45200_47080|meih yaac gauh henv
Genesis_49_16_47080_49640|meih beiv hnangv wuom seix nor
Genesis_49_17_49640_52600|ziouc maiv duqv zoux hlo
Genesis_49_18_52600_56320|weic zuqc meih bueix meih nyei die nyei auv dorn
Genesis_49_19_56320_59080|bun die nyei coux maaih uix
Genesis_49_20_59080_62360|si me on caux lewi zoux i muoz
Genesis_49_21_62360_66480|ninh mbuo nyei nzuqc ndaauv se zoux doqc nyei wuoqc ginc
Genesis_49_22_66480_67560|ninh mbuo daav za eix
Genesis_49_23_67560_70760|yie maiv caux ninh mbuo caangh laangh
Genesis_49_24_70760_73160|ninh mbuo gapv zunv nyei ziangh hoc
Genesis_49_25_73160_75800|yie maiv caux ninh mbuo zoux doic
Genesis_49_26_75800_79600|weic zuqc ninh mbuo qiex jiez daix mienh
Genesis_49_27_79600_85800|ninh mbuo sueih eix hngaqv ngongh gouv nyei domh luangc jaan dangx
Genesis_49_28_85800_87720|laaix ninh mbuo qiex jiez
Genesis_49_29_87720_90200|ciouv ninh mbuo zuqc houv
Genesis_49_30_90200_91920|laaix qiex beqv
Genesis_49_31_91920_93000|hnyouv doqc
Genesis_49_32_93000_94720|ninh mbuo zuqc zioux
Genesis_49_33_94720_99120|yie oix bun ninh mbuo nzaanx mingh gormx i saa laa en deic bung
Genesis_49_34_99120_105040|yaac oix bun ninh mbuo zorpc jienv i saa laa en mienh yiem
Genesis_49_35_105040_108400|yu ndaa aac meih nyei muoz doic oix ceng meih
Genesis_49_36_108400_112520|meih longc meih nyei buoz nanv jienv meih nyei win wangv nyei jaang
Genesis_49_37_112520_116400|meih nyei muoz doic oix gueic njiec ndau baaix meih
Genesis_49_38_116400_117600|yu ndaa aac
Genesis_49_39_117600_120280|meih se hnangv dauh sienh dorn nor
Genesis_49_40_120280_121880|yie nyei dorn aac
Genesis_49_41_121880_126200|meih cuotv mingh ngaatc orv aengx nzuonx meih nyei dorngx
Genesis_49_42_126200_130240|meih mbaapv njiec aengx bueix njiec hnangv sienh gouv
Genesis_49_43_130240_132200|hnangv sienh nyeiz nor
Genesis_49_44_132200_134240|haaix dauh haih gaamv haeqv ninh nyie
Genesis_49_45_134240_140280|yu ndaa oix yietc liuz nanv jienv hungh diex nyei biaav
Genesis_49_46_140280_146360|ninh gunv mienh nyei biaav mbiaac zungv maiv leih ninh nyei i jieqv zaux mbu ndongx
Genesis_49_47_146360_150480|zuov taux wuov diuh biaav mbiaac nyei ziouv daaih taux
Genesis_49_48_150480_153720|maanc fingx mienh yaac muangx ninh nyei waac
Genesis_49_49_153720_157520|ninh nyei lorh gouv ninh ndoh jienv a ngunc hmei
Genesis_49_50_157520_162520|lorh dorn ndoh jienv gauh longx jiex nyei a ngunc hmei nquaah
Genesis_49_51_162520_166480|ninh oix longc a ngunc diuv nzox ninh nyei lui houx
Genesis_49_52_166480_169720|longc a ngunc wuom siqv nyei hnangv nziaamv nor
Genesis_49_53_169720_172040|nzox ninh nyei lui ndaauv
Genesis_49_54_172040_175440|weic hopv a ngunc diuv ninh nyei m zing siqv
Genesis_49_55_175440_179680|weic ninh hopv ngongh nyorx ninh nyei nyaah yaac baeqc
Genesis_49_56_179680_186560|se mbu lun duqv yiem wuov koiv hlen benx norm nzangv bouc bun nzangv dingh
Genesis_49_57_186560_191480|ninh nyei gapv jaaix mingh daaux jienv sai ndorn zingh
Genesis_49_58_191480_195080|itc saax kaa hnangv lorh nor henv
Genesis_49_59_195080_198640|mbaapv njiec ninh nyei ba gi yungh laanh  mbu ndongx
Genesis_49_60_198640_202000|ninh buatc ninh hitv nyei dorngx longx
Genesis_49_61_202000_204360|wuov norm deic bung kuh yiem
Genesis_49_62_204360_208280|ninh ziouc nyiex jienv ga naaiv jutv jutv nyei mingh
Genesis_49_63_208280_212640|laengz zoux nouh bun mienh aapv zoux gong kouv
Genesis_49_64_212640_216240|ndaan oix baengh fim nyei siemv ninh nyei baeqc fingx
Genesis_49_65_216240_219800|ninh nyei fingx se yietc fingx i saa laa en mienh
Genesis_49_66_219800_222840|ndaan oix benx diuh naang yiem wuov jauv
Genesis_49_67_222840_226280|benx diuh naang doqc yiem wuov jauv hlen
Genesis_49_68_226280_233160|nyorqv maaz nyei zaux hoic geh maaz nyei mienh da nziaaux faan ndortv ga ndiev ndau mingh
Genesis_49_69_233160_238200|ziouv aac yie zuov jienv meih njoux yie
Genesis_49_70_238200_241320|gaatc oix zuqc guanh janx zaqc caangv
Genesis_49_71_241320_246280|mv baac ninh daaux sin zunc jienv nitv jienv zaux nqo mingh
Genesis_49_72_246280_249040|aa se nyei deic bung bungx zuoqc
Genesis_49_73_249040_250880|ga naaiv zuangx longx
Genesis_49_74_250880_255600|haih zoux duqv puix hungh diex nyanc
Genesis_49_75_255600_260680|napv taa li benx dauh njaih nyeiz bungx wuov lomc
Genesis_49_85_300520_304360|weic meih nyei die nyei tin hungh dongh tengx meih wuov dauh
Genesis_49_86_304360_309000|yaac weic nernh jiex nyei tin hungh ceix fuqv bun meih
Genesis_49_87_309000_316800|ninh bun gu nguaaic nyei fuqv ga ndiev ndau nyei fuqv caux maaih saeng kuv caux duqv fu jueiv nyei fuqv
Genesis_49_88_316800_325280|meih nyei die bun meih duqv nyei fuqv se gauh hlo jiex yietc liuz yiem nyei mbong duqv daaih nyei fuqv
Genesis_49_89_325280_330000|se gauh hlo jiex yie nyei ong taaix bun daaih nyei fuqv
Genesis_49_90_330000_340400|tov naaiv deix fuqv yiem yosepv nyei m nqorngv yaac yiem zinh ndaangc leih ninh nyei muoz doic wuov dauh nyei biorngh
Genesis_49_91_340400_343280|mben yaa min hnangv dauh hieh juv cei orv
Genesis_49_92_343280_346480|lungh ndorm nyanc ninh ngaatc daaih nyei orv
Genesis_49_93_346480_349760|lungh hmuangx bun nqoi ninh caangv daaih nyei ga naaiv
Genesis_49_94_349760_353960|naaiv se i saa laa en nyei ziepc nyeic fingx
Genesis_49_95_353960_359160|yaac ziux ninh mbuo nyei die buang nyei waac puix duqv ninh mbuo dauh dauh
Genesis_49_96_359160_362120|yaakopv guei seix
Genesis_49_97_362120_365000|yaakopv paaiv waac bun ninh nyei dorn mbuo
Genesis_49_98_365000_366720|yie aav lamh guei seix aqv
Genesis_49_99_366720_372240|oix zuqc dorh yie mingh caux yie nyei ong taaix mbuo zangx jienv hitv tai mienh
Genesis_49_100_372240_374000|e fo lon nyei ndau
Genesis_49_101_374000_378080|makv be laa nyei mbaengx kuotv
Genesis_49_102_378080_380920|naaiv deix ndau yiem kaa naa an deic bung
Genesis_49_103_380920_383480|mamle nyei dong bung maengx
Genesis_49_104_383480_387240|se apc laa ham tengx wuov dauh hitv tai mienh
Genesis_49_105_387240_388280|e fo lon
Genesis_49_106_388280_393640|maaiz wuov nzong ndau caux wuov norm mbaengx kuotv zoux zouv gemh
Genesis_49_107_393640_397440|apc laa ham caux ninh nyei auv saalaa zangx wuov
Genesis_49_108_397440_399640|i sakc caux ninh nyei auv
Genesis_49_109_399640_402320|le mbe kaa yaac zangx wuov
Genesis_49_110_402320_406440|yie yaac zangx le aa yiem wuov norm dorngx
Genesis_50_1_7000_11920|yosepv buatc ninh nyei die dangx qiex
Genesis_50_2_11920_20320|ninh ziouc puoqv jienv ninh nyei die gu nguaaic qaqv nyiemv yaac zom ninh nyei die nyei hmien
Genesis_50_3_20320_32920|ninh paaiv tengx ninh zoux gong wuov deix ndie sai longc ndie wuom ziemx jienv ninh nyei die i saa laa en nyei sei bun sei maiv haih huv
Genesis_50_4_32920_34680|maiv haih zueix
Genesis_50_5_34680_38640|ndie sai ziouc longc feix ziepc hnoi zoux
Genesis_50_6_38640_43480|weic zuqc naaiv deix gong qiemx zuqc feix ziepc hnoi
Genesis_50_7_43480_47520|i yipv mienh yaac tengx jienv nzauh nyiemv cietv ziepc hnoi
Genesis_50_8_47520_53000|naaiv deix nzauh nyiemv nyei ziangh hoc jiex liuz
Genesis_50_9_53000_56840|yosepv gorngv mbuox faalo hungh nyei jien
Genesis_50_10_56840_59760|se gorngv yie zoux duqv horpc meih mbuo
Genesis_50_11_59760_65680|tov meih mbuo dorh yie naaiv deix waac mingh mbuox faalo hungh oc
Genesis_50_12_65680_67440|mbuox ninh
Genesis_50_13_67440_71280|yie nyei die oix guei seix wuov zanc
Genesis_50_14_71280_82880|ninh oix yie laengz jiez ngaengc waac dorh ninh nyei sei mingh kaa naa an deic bung zangx jienv ninh ganh zuqc ziangx nyei zouv mouh
Genesis_50_15_82880_84320|hnangv naaiv
Genesis_50_16_84320_88640|tov bun yie dorh yie nyei die mingh zangx
Genesis_50_17_88640_91800|zangx liuz
Genesis_50_18_91800_95040|yie aengx nzuonx naaiv
Genesis_50_19_95040_97200|faalo hungh dau
Genesis_50_20_97200_103720|gunv dorh meih nyei die mingh zangx ziux meih caux ninh laengz jiez nyei waac
Genesis_50_21_103720_107800|yosepv ziouc dorh ninh nyei die mingh zangx aqv
Genesis_50_22_107800_112200|faalo hungh nyei yietc zungv jien yaac caux jienv mingh
Genesis_50_23_112200_115840|se yiem hungh dinc zoux gauh hlo wuov deix jien
Genesis_50_24_115840_121160|caux yiem i yipv deic bung haaix dauh zoux hlo nyei mienh
Genesis_50_25_121160_123680|yaac gan jienv yosepv mingh
Genesis_50_26_123680_132160|yosepv nyei hmuangv doic caux ninh nyei muoz doic aengx caux ninh nyei die nyei biauv zong mienh yietc zungv gan jienv mingh
Genesis_50_27_132160_140840|kungx zengc fu jueiv faix caux ba gi yungh yungh caux ngongh yiem wuov gosen hnangv
Genesis_50_28_140840_142920|maaih maaz cie
Genesis_50_29_142920_146680|maaih mienh geh maaz caux jienv mingh
Genesis_50_30_146680_151400|naaiv deix mienh yietc zungv benx yietc guanh camv nyei
Genesis_50_31_151400_155040|mingh taux jor ndaen ndaaih nyei dong bung maengx
Genesis_50_32_155040_157920|aataatv nyei mborqv mbiauh ciangv
Genesis_50_33_157920_160560|ninh mbuo qaqv nyiemv mbui nyei
Genesis_50_34_160560_166640|yosepv yaac yiem naaic weic ninh nyei die nzauh nyiemv siec hnoi
Genesis_50_35_166640_174600|yiem wuov norm dorngx nyei kaa naa an mienh buatc mienh yiem aataatv mborqv mbiauh nyei ciangv nzauh nyiemv
Genesis_50_36_174600_176560|ninh mbuo gorngv
Genesis_50_37_176560_179960|naaiv deix i yipv mienh nzauh nyiemv
Genesis_50_38_179960_181320|zoux norm janx daic yinh hlo nyei
Genesis_50_39_181320_190560|weic naaiv ninh mbuo ziouc cuotv mbuox heuc wuov norm dorngx aa mben mitv laa im
Genesis_50_40_190560_196640|wuov norm dorngx yiem jor ndaen ndaaih nyei dong bung maengx
Genesis_50_50_235800_240720|yosepv gorng bun ninh gorx mbuo nyei hnyouv lorngx
Genesis_50_51_240720_243920|ninh mbuo nyei die guei seix mi aqv
Genesis_50_52_243920_246400|yosepv nyei gorx mbuo gorngv
Genesis_50_53_246400_249440|nziex yosepv oix nzorng mbuo mv bei
Genesis_50_54_249440_254360|ziux mbuo zinh ndaangc zoux hoic ninh nyei sic oix winh bun mbuo
Genesis_50_55_254360_257800|ninh mbuo ziouc bun mienh mingh mbuox yosepv
Genesis_50_56_257800_261720|mbuo nyei die maiv gaengh guei seix wuov zanc ninh gorngv
Genesis_50_57_261720_263280|oix zuqc mbuox yosepv
Genesis_50_58_263280_270200|tov guangc nqoi meih nyei gorx mbuo zoux dorngc hoic meih wuov deix sic
Genesis_50_59_270200_272240|ih zanc yie mbuo
Genesis_50_60_272240_274800|meih nyei die nyei tin hungh nyei bou
Genesis_50_61_274800_280040|tov meih guangc nqoi yie mbuo zoux dorngc meih nyei zuiz
Genesis_50_62_280040_284880|yosepv haiz cuotv naaiv deix waac ninh ziouc nyiemv aqv
Genesis_50_63_284880_290960|ninh nyei gorx mbuo ziouc mingh taux yosepv nyei nza hmien gueic njiec ndau baaix aengx gorngv
Genesis_50_64_290960_295600|yie mbuo yiem meih nyei nza hmien tov zoux meih nyei nouh
Genesis_50_65_295600_299720|mv baac yosepv gorngv mbuox ninh nyei gorx mbuo
Genesis_50_66_299720_302080|maiv dungx gamh nziex
Genesis_50_67_302080_304600|yie se maiv zeiz tin hungh
Genesis_50_68_304600_307680|meih mbuo daav za eix hoic yie
Genesis_50_69_307680_312000|mv baac tin hungh longc wuov nyungc za eix zoux longx nyei sic
Genesis_50_70_312000_315400|hnangv ih zanc mbuo buatc jienv nor
Genesis_50_71_315400_319640|ninh longc naaiv nyungc za eix njoux mienh camv nyei maengc
Genesis_50_72_319640_322560|hnangv naaic gorx mbuo maiv dungx gamh nziex
Genesis_50_73_322560_327280|yie yaac oix goux meih mbuo caux meih mbuo nyei hmuangv doic
Genesis_50_74_327280_330560|ninh gorngv waac longx nyei bun ninh mbuo
Genesis_50_75_330560_332880|orn ninh mbuo nyei hnyouv
Genesis_50_76_332880_334760|yosepv guei seix
Genesis_50_77_334760_339440|yosepv caux ninh nyei die nyei hmuangv doic yiem i yipv deic bung
Genesis_50_78_339440_342400|ninh ziangh duqv yietc baeqv ziepc hnyangx
Genesis_50_79_342400_347840|yaac duqv buatc e faa im nyei fu jueiv taux da faam doic
Genesis_50_80_347840_350880|aengx duqv zipv maa natv se nyei dorn
Genesis_50_81_350880_354280|maaki nyei fu jueiv bieqc ninh nyei mienh houz
Genesis_50_82_354280_359480|yosepv gorngv mbuox ninh nyei muoz doic
Genesis_50_83_359480_362720|guei seix nyei ziangh hoc aav lamh deix taux aqv
Genesis_50_84_362720_366640|mv baac tin hungh zungv oix daaih tengx meih mbuo
Genesis_50_85_366640_369480|dorh meih mbuo cuotv naaiv norm deic bung
Genesis_50_86_369480_376800|mingh taux zinh ndaangc ninh laengz jiez ngaengc waac bun apc laa ham i sakc caux yaakopv
Genesis_50_87_376800_378600|wuov norm deic bung
Genesis_50_88_378600_383680|yosepv aengx heuc i saa laa en nyei dorn laengz ngaengc waac ninh gorngv
Genesis_50_89_383680_386800|tin hungh zungv oix daaih tengx meih mbuo
Genesis_50_90_386800_391440|meih mbuo oix zuqc dorh jienv yie nyei mbungv bienh jienv mingh
Genesis_50_91_391440_398120|yosepv ziangh yietc baeqv ziepc hnyangx yiem wuov i yipv deic bung guei seix mi aqv
Genesis_50_92_398120_403120|ninh mbuo zorqv sei ziemx jienv ndie wuom bun maiv haih huv
Genesis_50_93_403120_404640|maiv haih zueix
Genesis_50_94_404640_408040|yiem wuov i yipv deic bung dapv jienv benv aqv
